locality,trend_score
Zürich,7.8
Lausanne,6.75259802351582
Lancy,6.571589537695981
Bern,6.458877156591642
Dübendorf,6.117371766634992
Winterthur,6.083699023864821
Meyrin,5.428100190409254
Bülach,5.39914552109985
Schlieren,5.002095594200783
Bussigny,4.982581241229824
Crissier,4.76234132647657
Chêne-Bougeries,4.709563329311683
Plan-les-Ouates,4.706729624271226
Vevey,4.701677281598825
Nyon,4.694716150306375
Genève,4.643673611223484
Morges,4.582970521064238
Lenzburg,4.573352592868127
Châtel-Saint-Denis,4.390333930704879
Bulle,4.386990339518218
Thônex,4.375214984809063
Martigny,4.360873768185922
Renens (VD),4.285955990445851
Le Mont-sur-Lausanne,4.270208838827998
Staufen,4.268404124772874
Opfikon,4.256518866932223
Vernier,4.212820592280686
Kloten,4.165598946182972
Köniz,4.065915720372406
Horw,4.01340792390765
Wallisellen,4.004205608770767
Uitikon,4.000967432558801
La Tour-de-Peilz,3.9822136549908826
Saxon,3.9733880500755183
Chavannes-près-Renens,3.9552487793376336
Blonay - Saint-Légier,3.9539601863649416
Liestal,3.9436914865169186
Cossonay,3.9386306139960996
Pully,3.912148360610132
Sion,3.896620873290003
Aigle,3.8545490130078854
Uzwil,3.848257969027942
Mont-Vully,3.792594202344158
Collombey-Muraz,3.7023587854520295
Root,3.6989299379784635
Gibloux,3.6892954994391562
Menziken,3.6780149716977424
Zell (ZH),3.6515015706033283
Regensdorf,3.6473927547760003
Aarburg,3.6297827715563664
Bremgarten (AG),3.619617152591525
Chamoson,3.6093142673132266
Orbe,3.6005955855331124
Ardon,3.592486343284257
Biberist,3.5869976373955716
Lufingen,3.5848689767926474
Kilchberg (ZH),3.5831018022260133
Weiach,3.574685178604552
Bex,3.5724247284801134
Fällanden,3.5581586163316077
Mettmenstetten,3.5512043536431683
Lutry,3.5509687200423614
Bellevue,3.545877030945354
Prilly,3.5436971183145953
Gränichen,3.536067126810946
Düdingen,3.531488226225355
Riddes,3.5267442767661006
Sursee,3.524013248674959
Niederrohrdorf,3.521701650247639
Muri (AG),3.5214674012864084
Zollikofen,3.51745301567129
Gland,3.514114624076937
Saillon,3.5131329042523936
Saint-Sulpice (VD),3.513024196657725
Chavornay,3.50249824537417
Pieterlen,3.499673214569031
Romanel-sur-Lausanne,3.4976093470852896
Pfäffikon,3.4922495631286536
Vechigen,3.4919254203186587
Birmensdorf (ZH),3.484534436510409
Lausen,3.4844527803390593
Carouge (GE),3.484009287117903
Estavayer,3.482679169178929
Widnau,3.480621154491364
Haute-Sorne,3.475197328037251
Wauwil,3.4741651327246323
Troinex,3.473825078828188
Bad Ragaz,3.4675969394734736
Roggwil (TG),3.4613310518932696
Suhr,3.4568715109028028
Unterkulm,3.4551516186649054
Collonge-Bellerive,3.4537856166708076
Spreitenbach,3.439418376907332
Oberkirch,3.4387183097333778
Belmont-Broye,3.4363981876818026
Epalinges,3.435993162118544
Cologny,3.432832293361165
Grimisuat,3.4291855662053066
Bütschwil-Ganterschwil,3.427880552256369
Saint-Léonard,3.425509511971843
Höri,3.4243605057023747
Echallens,3.4217971126285662
Montreux,3.4164409492463346
Rickenbach (LU),3.415310416325436
Rolle,3.4138093112356933
Bas-Intyamon,3.411755113235329
Au (SG),3.4083121612181304
Jongny,3.402680763136689
Echichens,3.4016954581232763
Ollon,3.3992298941027923
Marsens,3.3981395186448675
Corcelles-près-Payerne,3.3897571205891754
Eschlikon,3.3894373041539154
Le Grand-Saconnex,3.389188575356661
Wald (ZH),3.3890413089382836
Obfelden,3.3756786385050495
Rain,3.3714202257145724
Winkel,3.369297634885005
Montagny (FR),3.369128992551646
Gachnang,3.3646158716996393
Payerne,3.3644714649886174
Windisch,3.3598901865058717
Küttigen,3.359882672321449
Gimel,3.3578385995878355
Vully-les-Lacs,3.3562208485302274
Tenero-Contra,3.354369073200995
Aesch (ZH),3.3492117337756317
Vétroz,3.349069355376588
Orpund,3.34898682724326
Thal,3.3481579989809496
La Sonnaz,3.3470294238831744
Romont (FR),3.346433821617908
Baden,3.344364204022623
Ossingen,3.3431764035394034
Neuchâtel,3.342346765765183
Lonay,3.3416630956102686
La Tène,3.3414049241598507
Gommiswald,3.3338052461772656
Gerlafingen,3.3332716042654096
Mönchaltorf,3.333146988318172
Zwingen,3.3329197059494233
Schaffhausen,3.3317598754242854
Männedorf,3.3296424128768436
Aarau,3.3276315556715814
Port-Valais,3.327448784720448
Montanaire,3.3263804152520344
Würenlingen,3.3260867292899396
Riaz,3.3226655842179715
Breitenbach,3.3207056205551293
Vionnaz,3.320282800828368
Safenwil,3.3173613885239557
Niederglatt,3.315974954655163
Chardonne,3.312453673434001
Savièse,3.3111793398672407
Beringen,3.3101060579709793
Turbenthal,3.3100736847579784
Satigny,3.3099331589284504
Aegerten,3.3083660826307404
Moudon,3.3075735635926504
Erlinsbach (AG),3.307315393328664
Rebstein,3.307006292562231
Schötz,3.3063844920137804
Seengen,3.304717458844105
Weesen,3.303392272332292
Ursy,3.3017135548044667
Vandoeuvres,3.301034907224118
Jorat-Mézières,3.300686248309051
Holderbank (AG),3.2968670308292367
Lyss,3.2967329353696906
Montilliez,3.2957264920544604
Chêne-Bourg,3.2956752129465783
Maur,3.2943296258562276
Othmarsingen,3.2938173909398163
Marly,3.2929654414367633
Unterengstringen,3.291252985719969
Holziken,3.2894162326968925
Grüningen,3.2852439023994564
Zuchwil,3.2824871474470916
Fétigny,3.2761980222592215
Ayent,3.275728320486979
Meilen,3.2751725896692085
Ecublens (VD),3.2743566216644875
Oberwil-Lieli,3.2735789784937577
Mellingen,3.273469168858476
La Brillaz,3.2725389962498443
Rüschlikon,3.270434143589168
Arzier-Le Muids,3.2703482238560824
Felben-Wellhausen,3.2695820809437848
Crans (VD),3.2691779289165193
Eschenbach (SG),3.265889443608555
Courrendlin,3.2639823252586417
Oberglatt,3.2629601527684557
Remaufens,3.26236298250787
Cudrefin,3.262251460433528
Seon,3.259939520312741
Reinach (AG),3.258322673388269
Misery-Courtion,3.257287577784011
Schmerikon,3.257026708552858
Büron,3.2569908283464994
Inwil,3.256919067880821
Tübach,3.254806287424096
Zumikon,3.252663818695839
Boniswil,3.2518848846460444
Maienfeld,3.2490691376038145
Flums,3.248295720013187
Hautemorges,3.2456976674152473
Saint-Aubin (FR),3.2455635697167553
Bernex,3.2449027784907085
Neunkirch,3.244357551406656
Risch,3.2431307593934577
Etziken,3.2323370091991164
Kappel am Albis,3.231653151373746
Itingen,3.2303911939590986
Recherswil,3.228812520509223
Döttingen,3.2282040143701427
Amriswil,3.227797563923302
Honau,3.226732049351224
Villars-le-Terroir,3.226182225754896
Roche (VD),3.2259179942467613
Steinen,3.2258141534152376
Val de Bagnes,3.2246223818505393
Gilly,3.2245482058823294
Wohlen (AG),3.224100524124479
Wohlenschwil,3.223288039083046
Cugy (FR),3.222852898164714
Courtételle,3.222490493860082
Gebenstorf,3.2219990795765323
Saint-Cergue,3.220614020760736
Zihlschlacht-Sitterdorf,3.2179232586128146
Balgach,3.2158145067585022
Pregny-Chambésy,3.2157170093965664
Wolfwil,3.2151431309831424
Vulliens,3.2147507877847077
Unterlunkhofen,3.214667152436821
Perly-Certoux,3.214595499577073
Boudry,3.213532268973312
La Verrerie,3.21341038616398
Tägerwilen,3.2133792442198486
Val-d'Illiez,3.2127479052972117
Villeneuve (VD),3.2109315560219245
Zofingen,3.2103366997481433
Milvignes,3.2096168809559886
Felsberg,3.2085662363453658
Villars-Sainte-Croix,3.2084486842459508
Wangen (SZ),3.2062792992526292
Sant'Antonino,3.2061153064191905
Evilard,3.2057022131554556
Sorengo,3.204289939186976
Rupperswil,3.2027677567399775
Vich,3.2024438208689223
Fischingen,3.2023601087503457
Massagno,3.2021995258252147
Fully,3.2017103892937016
Matzingen,3.2009914990096604
Lachen,3.200989018676559
Sullens,3.2008113032990466
Malters,3.2004528636088194
Oeschgen,3.1998352280778426
Arbaz,3.199492955255763
Cham,3.1973546381474116
La Roche,3.197201648963575
Fraubrunnen,3.1967152093212814
Knutwil,3.196681987053571
Worben,3.1963286755693874
Bercher,3.1960919081314443
Corbières,3.1947904361304933
Hauterive (FR),3.1944320127464003
Dinhard,3.194137157903385
Arbedo-Castione,3.1932286044014044
Courgenay,3.192779351692146
Veyrier,3.1917907129380394
Oron,3.1915214350896877
Assens,3.1902442968775646
Bitsch,3.1901956224538175
Noble-Contrée,3.1900630144631035
Dorénaz,3.1897871429217486
Evionnaz,3.1883247327690514
Eglisau,3.1876636749763807
Rickenbach (SO),3.1875355876245046
Mont-sur-Rolle,3.186452169143793
Stetten (SH),3.1864469055845466
Roggwil (BE),3.1855648862821413
Horgen,3.1852614627368863
Siviriez,3.1839861196403034
Warth-Weiningen,3.183501419246977
Bournens,3.181575759487712
Lucens,3.181572799933677
Haut-Intyamon,3.1815673896480443
Lengnau (AG),3.1814177897084694
Leytron,3.1811025425172748
Pollegio,3.180604052154824
Puplinge,3.179816837039566
Leysin,3.1795877831600046
Alle,3.1794639642950773
Salgesch,3.1784444390734445
Laax,3.178431032761375
Valbroye,3.177502209209281
Zurzach,3.177457342614456
Val-de-Ruz,3.1772926389605773
Belmont-sur-Lausanne,3.177275195774699
Delley-Portalban,3.1770872319197765
Prez,3.1763453178389702
Reichenburg,3.175866276033564
Matran,3.1753443485772146
Botterens,3.1752839916713884
Founex,3.1746570436947157
Thundorf,3.1745104542982685
Orges,3.174442856485898
Remigen,3.174068522980275
Avenches,3.173429604988572
Oberbüren,3.173201393683953
Eysins,3.17292569228912
Termen,3.1725586969209703
Wittnau,3.1710619987545523
Weisslingen,3.1693805955867997
Fahrwangen,3.169033333227069
Perroy,3.168011534384944
Müntschemier,3.1678653762478453
Cheyres-Châbles,3.1674085956896367
Winznau,3.16730862729888
Billens-Hennens,3.167204460846656
Henniez,3.1668917828803673
Lumino,3.166554237155574
Chalais,3.1649381665680427
Kemmental,3.1643639813935613
Semsales,3.1642741457495576
Knonau,3.1640047957935495
Hildisrieden,3.1630888214673156
Emmetten,3.162522254054741
Froideville,3.1623295693583953
Granges (Veveyse),3.1617293814679646
Tramelan,3.1615305079868463
Horn,3.1609735169713846
Conthey,3.160944300972695
Vérossaz,3.160752492894296
Schlierbach,3.160464750047856
Broc,3.159362529103545
Fribourg,3.1589991166427875
Villorsonnens,3.1588866836403557
Schlatt (TG),3.1586296963362983
Grono,3.1584702482032965
Schinznach,3.158376734386505
Genthod,3.1581776274266216
Vuarrens,3.1579418293628936
Corsier (GE),3.1570227347290842
Lens,3.156399247951052
Teufenthal (AG),3.155119892862
Bassins,3.154997959053118
Vuadens,3.15324705632012
Altdorf (UR),3.152345139936061
Ellikon an der Thur,3.1521742569221316
Essertines-sur-Yverdon,3.1519660882771805
Corminboeuf,3.151851304160791
Commugny,3.1515782157126706
Hallau,3.1515476378934695
Cazis,3.150469277634008
Ried bei Kerzers,3.150296126873097
Val-de-Charmey,3.1498008364285766
Servion,3.1496252713667414
Schönenwerd,3.149458648077113
Le Pâquier (FR),3.1494525870916346
Vouvry,3.149387716675267
Zufikon,3.1492517002059977
Rottenschwil,3.1486809867306733
Massongex,3.1481303549679187
Wiedlisbach,3.14800828886062
Coppet,3.1475197612960306
Attinghausen,3.1473964048125835
Orny,3.147123948917243
Aesch (LU),3.1467830069161695
Bussnang,3.1465691595866625
Jonen,3.145965017851746
Treyvaux,3.145815221699477
Corsier-sur-Vevey,3.145741098112923
Penthaz,3.1457263482274143
Dagmersellen,3.1446668283972095
Leissigen,3.144433524353259
Vallorbe,3.143768214401302
Bettwiesen,3.1431707558084114
Hérémence,3.1426620544511805
Gollion,3.14243963229647
Onex,3.1420421913411376
Holderbank (SO),3.1417359720850166
Cartigny,3.141451781439382
Schneisingen,3.1413786019050574
Kölliken,3.14006041981699
Bremblens,3.1399358257869943
Arch,3.1397542767682465
Nendaz,3.139704227698252
Thusis,3.1393537769138407
Grancy,3.1382368303477937
Pomy,3.1381970864339674
Courtepin,3.1379347566585674
Starrkirch-Wil,3.137800851089158
Savigny,3.137587898110907
Attalens,3.137188204732538
Sévaz,3.137069623801509
Céligny,3.136504933148882
Unterlangenegg,3.136038209501821
Wiesendangen,3.135815975892321
Täuffelen,3.1356865064216506
Bardonnex,3.135636519675556
Oberentfelden,3.1354331434083718
Torny,3.1346440575258634
Lohn-Ammannsegg,3.134370056727866
Stadel,3.1343666808997614
Riviera,3.13425908016624
Beromünster,3.1328079578808126
Gampel-Bratsch,3.1322334987711606
Dägerlen,3.132078113456661
Ins,3.131980205136454
Baulmes,3.131195216094824
Müllheim,3.130820839498376
Neunforn,3.1307404353697743
Fläsch,3.130600630717389
Mühlau,3.130472524467585
Domleschg,3.1302540084790396
Stetten (AG),3.1294526908026863
Crassier,3.129345294490518
Hermance,3.1292785280410564
Kirchlindach,3.1287266150964537
San Vittore,3.1284868580534853
Berg (SG),3.1278377138602673
Grens,3.127268397356901
Port,3.1267216570794356
Pont-en-Ogoz,3.126632158904977
Denges,3.1262274693156327
Bois-d'Amont,3.126220935491147
Rossemaison,3.125784375394511
Bühler,3.125762342518136
Lützelflüh,3.125605102651949
Killwangen,3.125492109608229
Les Montets,3.1253531180114313
Ropraz,3.1250338466032854
Oberdorf (SO),3.1248324931300226
Genolier,3.1239412701169864
Rhäzüns,3.1237406835310644
Champvent,3.1235421563149455
Morlon,3.1231786468149707
Noville,3.12291542145779
Birr,3.1222540866381148
Cressier (FR),3.12204190696995
Trin,3.121723970944518
Safiental,3.1214559430989786
Cadenazzo,3.1214060401696186
Boswil,3.121336131361902
Egerkingen,3.1211242816384015
Mézières (FR),3.1209998965176076
Bleienbach,3.1208729323246907
Braunau,3.1205395353898044
Signy-Avenex,3.1204086893254894
Mont-la-Ville,3.1202891338058802
Daillens,3.1201790767327995
Gryon,3.118924791767936
Boppelsen,3.1186968564207715
Derendingen,3.117938563660344
Bettwil,3.1174954609853582
Prévonloup,3.116348501281918
Châtel-sur-Montsalvens,3.1163112271921687
Saint-Maurice,3.115922971612869
Staffelbach,3.11589960798809
Kehrsatz,3.1157205334985263
Bourg-en-Lavaux,3.1154642617625443
Lengnau (BE),3.115341847839071
Surpierre,3.115263795316612
Frauenkappelen,3.1152060249764717
Soral,3.115132764008214
Rheineck,3.115107549492099
Ettingen,3.1146966683267623
Birrhard,3.114624325883492
Mies,3.1141847472286273
Schwende-Rüte,3.1136366841823375
Andwil (SG),3.112980879633661
Maracon,3.112930522221251
Niederhünigen,3.112845881950765
Herznach-Ueken,3.112478515833129
Champtauroz,3.1120073955124883
Waltenschwil,3.1119170240543217
Pfyn,3.1110821791999146
Canobbio,3.1102743863971223
Sembrancher,3.1101833787535
Schiers,3.1100485743912807
Attiswil,3.109653646103843
Hendschiken,3.1094330096628156
Kriens,3.108752419701441
Langrickenbach,3.1087515856006194
Sennwald,3.1086986946343673
Mex (VD),3.1084031285936837
Doppleschwand,3.1082750355223703
Nottwil,3.1080018749226337
Crésuz,3.107873315002093
Saint-Oyens,3.107666518104388
Bioggio,3.1072729011922258
Laufen-Uhwiesen,3.107197990303646
Jouxtens-Mézery,3.1071594110744867
Wattenwil,3.1071147361243514
Büttikon,3.1070632790452
Troistorrents,3.10642319367443
Malans,3.106143703801103
Eclépens,3.105945670221505
Bubikon,3.105669406559483
Merenschwand,3.105323675217118
Bonaduz,3.1052579863962166
Le Vaud,3.1048796010237716
Bünzen,3.104838574740903
Bottighofen,3.104801335321301
Montet (Glâne),3.104779159579276
Gempen,3.1045313504060466
Olten,3.1043488670045276
Saint-Imier,3.104065214588485
Neuendorf,3.104012204294299
Val Terbi,3.1034489551980924
Choulex,3.1030735385630566
Schleinikon,3.103051693134492
Lotzwil,3.102348826140195
Rances,3.10216445240395
Nesslau,3.1017169686411226
Fisibach,3.1015634432304937
Castel San Pietro,3.1011520917980344
Gingins,3.1008701864969717
Collonges,3.100731848549358
Lostallo,3.0997560189973377
Wiler bei Utzenstorf,3.0986662942351715
Yvonand,3.0983671064194933
Ennetmoos,3.0978844329312385
Diemtigen,3.097789686630695
Hirschthal,3.09733644922209
Goumoëns,3.097157344402824
Vufflens-la-Ville,3.0970988282728196
Feuerthalen,3.096772438574475
Rennaz,3.0967023110283103
Beinwil (Freiamt),3.096533636533644
Chessel,3.0963032653389435
Mathod,3.096107974818292
Chevroux,3.096022098631624
Laufen,3.095908649506204
Bavois,3.09582340936002
Sommeri,3.0957649719352345
Hitzkirch,3.0956439659637307
Boécourt,3.0956128224460593
Vex,3.0949404523364112
Beinwil am See,3.0947277351504767
Berg (TG),3.0944844328686902
Chigny,3.0944704873066184
Cuarnens,3.0944030178934825
Niederweningen,3.0942543737517076
Ottenbach,3.0936158165775076
La Sagne,3.093601079898702
Altikon,3.0934953020347375
Freienwil,3.09298893732448
Thurnen,3.0929775851873424
Vucherens,3.0925956738664455
Walenstadt,3.0924262827764784
Vinelz,3.0919420934239943
Härkingen,3.091846880827177
Suchy,3.091760593061699
Dulliken,3.091011402853056
Büsserach,3.090725820011497
Rafz,3.0905218290626904
Mont-Noble,3.090142554787063
Trélex,3.090074817090307
Fey,3.0900616751792027
Neuheim,3.0895652205868376
Vallon,3.0888364299084854
Zunzgen,3.087551160346772
Cheseaux-Noréaz,3.0875209738586564
Lüterkofen-Ichertswil,3.086934908334224
Echarlens,3.0868023874930586
Pfungen,3.086703823268756
Gletterens,3.0865522966840238
Meisterschwanden,3.086375171787901
Bougy-Villars,3.086194373296368
Laupersdorf,3.085457121789484
Agiez,3.0854264480989206
Giez,3.084530050930749
Begnins,3.0845096882488097
Morrens (VD),3.0842763038003556
Duillier,3.0842114956946824
Courtelary,3.0841991064160013
Wimmis,3.0836596256779547
Prévondavaux,3.083166623197789
Untervaz,3.08283446121721
Vuiteboeuf,3.082586159385598
Gampelen,3.0819855682965565
Blumenstein,3.081833349960781
Ponthaux,3.081656891831312
Châtillon (FR),3.0814809682213524
Endingen,3.081440482565373
Lussy-sur-Morges,3.0813935918328523
Egliswil,3.0813062784546226
Birrwil,3.081298692774783
Juriens,3.080466941758864
Granges-Paccot,3.08036207217681
Hallwil,3.080298727578327
Chavannes-des-Bois,3.0802040293955355
Longirod,3.080181810332981
Lüsslingen-Nennigkofen,3.0801767312638364
Mels,3.08000746115656
Donneloye,3.0799699672256184
Burtigny,3.07942551945401
Gordola,3.0793517070343808
Aarwangen,3.079326140440505
Bogis-Bossey,3.0786900607365846
Belmont-sur-Yverdon,3.078394834099574
Ostermundigen,3.0783086065206424
Oekingen,3.077955880492617
Bettens,3.077914734244693
Lupsingen,3.0778193312090063
Schwyz,3.077615925489376
Reconvilier,3.077478246241021
Bourg-Saint-Pierre,3.077477506262722
Croy,3.0771259084777305
Monteceneri,3.077097907420254
Villarzel,3.076939828702548
Hersberg,3.076912386735191
Siglistorf,3.076892306041056
Wald (AR),3.076655412017096
Selzach,3.076567804363429
Chapelle (Glâne),3.076502593698863
Hüniken,3.0764603015441683
Boulens,3.0762142155820706
Givrins,3.076156287186096
Möriken-Wildegg,3.076022538580272
Borex,3.0759916934061535
Aclens,3.0759297903470117
Lignières,3.0758718187951444
Brunegg,3.0757394655034704
Häggenschwil,3.0754879610068806
Corgémont,3.0751287352660848
Rickenbach (ZH),3.07490570298084
Rothrist,3.0749054583244173
Hauteville,3.074635088432178
Dierikon,3.073841754514741
Lavigny,3.0737207419453707
Goldach,3.0732963264589195
Vullierens,3.073128928258645
Aristau,3.0729884231411027
Embrach,3.0728525619618425
Corseaux,3.0725922540879074
Münsingen,3.0718138826911674
Tannay,3.0718083026646883
Schwanden bei Brienz,3.071806044264712
Mumpf,3.0716863641961654
Teufen (AR),3.0712628729487523
Ballens,3.071073213690384
Thörigen,3.071047167296428
Spiringen,3.0709378682272015
Corcelles-près-Concise,3.070694224066678
Feusisberg,3.070569370209348
Chevilly,3.0704562384851144
Brütten,3.0702808026983606
Ermensee,3.070052625386185
Leimbach (AG),3.069974170258524
Corcelles-le-Jorat,3.069417038992992
Dully,3.0691475876339127
Jaberg,3.0690019415786494
Oppligen,3.0689075029194326
Villigen,3.0686378958969462
St. Margrethen,3.0685397444034463
Tegerfelden,3.0683635981916195
Steinerberg,3.068056894361079
Nuvilly,3.0679533233651863
Scheuren,3.0679181752028466
Roggliswil,3.0675911631894293
Zizers,3.067455671292363
Auenstein,3.067290408217908
Concise,3.0672407060155575
Chavannes-le-Chêne,3.066826233828396
Brittnau,3.0663789950094906
Arnex-sur-Nyon,3.066220614604514
Kandergrund,3.0660353682118413
Niederönz,3.0657808216556246
Bargen (SH),3.0656955586266696
Herrliberg,3.065674382892647
Heimenhausen,3.0652601532305446
Ecublens (FR),3.065231426670994
Pont-la-Ville,3.065067705533942
Prangins,3.064815365541538
Elsau,3.0647406586902046
Stallikon,3.064349199797899
Rohrbach,3.0642015495218202
Niederbuchsiten,3.0641209390312105
Rümlingen,3.063521873139968
Stein am Rhein,3.063492908799616
Bettingen,3.063469625192815
Orvin,3.063268657163446
Büttenhardt,3.0629571642928233
Perrefitte,3.0628720309404174
Rümlang,3.0625704134011937
Lajoux (JU),3.0621552371301846
Ogens,3.0620423901129192
La Neuveville,3.0619985416809965
Hefenhofen,3.061982943022915
Yens,3.0618362390471687
Kallern,3.061726222288988
Leibstadt,3.0616409026965568
Grosswangen,3.061632230358522
Dorf,3.061526890903122
Oberwil bei Büren,3.061411819305879
Saulcy,3.0613548109605473
Brislach,3.060865857429849
Mollens (VD),3.0603001385418853
Gals,3.0600586495464768
Clarmont,3.0598094202733326
Luzein,3.059637749989598
Hindelbank,3.059304784761753
Curio,3.059280381324197
Alberswil,3.059240161893115
Affeltrangen,3.059233871713034
Molondin,3.059205527323656
Obergösgen,3.059129209458274
Lommiswil,3.059126400536671
Terre di Pedemonte,3.0589226331835104
Provence,3.0587118058491525
Lully (VD),3.058588396481091
Paudex,3.058317594375356
Lampenberg,3.0582766299683346
Gächlingen,3.058212564305317
Novaggio,3.0582107019272873
Dintikon,3.0579658418058044
Gisikon,3.05792887357084
Wittinsburg,3.0578823509780033
Vufflens-le-Château,3.0578778823550494
Kleinbösingen,3.057825530778039
Ammerswil,3.0576722043629068
Rueyres,3.057387399531089
Mauborget,3.0572804690947293
Arnex-sur-Orbe,3.057260770984272
Montpreveyres,3.056916365742223
Magliaso,3.0569108406860512
Vernate,3.056824899709951
Saint-Saphorin (Lavaux),3.056717257608118
Paradiso,3.0566994835157644
Rossenges,3.0565938021684356
Rochefort,3.0565659857309537
Muri bei Bern,3.0564143402818926
Fiez,3.0562746632842996
Hölstein,3.056119975021561
Meierskappel,3.05609619247105
Loveresse,3.055869962335254
Coinsins,3.055704750644533
Salmsach,3.055609574324581
Les Genevez (JU),3.0553074305376815
Wisen (SO),3.0547673150507872
Chêne-Pâquier,3.0547521126374564
Cormoret,3.054708537418328
La Baroche,3.0546950994226245
Wigoltingen,3.0545826302593273
Uebeschi,3.054550600261636
Les Clées,3.0544099548248296
Herbetswil,3.0543022206893253
Bullet,3.054199036801154
Auw,3.053966746430628
Bioley-Magnoux,3.053747875111305
Seewis im Prättigau,3.053728312298004
Chavannes-le-Veyron,3.053453706244935
Kriegstetten,3.0534013973277188
Grandcour,3.0531103820617216
Widen,3.0530969804808534
Zollikon,3.0527352793692657
Inkwil,3.0524816936204653
Merishausen,3.052308403434657
Châtonnaye,3.051895959696019
Confignon,3.0515095549273505
Lavey-Morcles,3.051174645862221
Niedergösgen,3.0511391303614053
Ormont-Dessous,3.051058230232396
Dardagny,3.051056657108917
Avegno Gordevio,3.0508096539222516
Oberlunkhofen,3.0502045944394833
Thalheim an der Thur,3.0500535337520445
Frick,3.0499879102116307
Schwadernau,3.0499646755525416
Courroux,3.0498865280859704
Buttwil,3.0496282965824513
Niederlenz,3.0492870653489965
Orzens,3.0487638688734178
Oulens-sous-Echallens,3.048531938208975
Wichtrach,3.0484470787680618
Arni (BE),3.048213953023483
Wengi,3.0479703255986292
Lauperswil,3.0478742060316297
Mauensee,3.0477720280148146
Vaulruz,3.0477703612088236
Oberems,3.0476469894580656
Uttigen,3.04723017619035
Schönholzerswilen,3.0471574117463773
Brüttelen,3.046087466590519
Veltheim (AG),3.0460567549679363
Ballaigues,3.046056544979936
Rothenthurm,3.046051055728426
Waldstatt,3.045937684726541
Origlio,3.045771012719255
Bretonnières,3.0456395728183296
Presinge,3.0456101752374676
Albinen,3.045574314823845
Cronay,3.045560608214935
Walliswil bei Wangen,3.0454517612328575
Hermenches,3.045365981472831
Trubschachen,3.045365920039332
Grandvillard,3.0450848963169355
Hohentannen,3.045076929202677
Plasselb,3.0447717273390116
Buchillon,3.0447205202802827
Ennetbaden,3.0447095687683996
Oltingen,3.044629608980561
Volken,3.044619533643874
Stüsslingen,3.044288782684669
Flerden,3.044120740117788
Hasle (LU),3.044059903403855
Essertines-sur-Rolle,3.0436294836650113
Brot-Plamboz,3.04362465997413
La Praz,3.0432376926616587
Zäziwil,3.043236773466803
Berolle,3.0430684087676276
Pompaples,3.0429196138909886
Marchissy,3.042656704633088
Geltwil,3.042618632065136
Petit-Val,3.042387924452174
Islisberg,3.0422608645458395
Trey,3.0422564140610016
Meggen,3.0422221615205753
Muzzano,3.0421976018268158
Grolley,3.042154945785604
Lully (FR),3.0420816624393847
Varen,3.041708876317653
Günsberg,3.0414690465383694
Dizy,3.041459049033226
Silenen,3.0414084472669787
Agno,3.0412866256184774
Cheseaux-sur-Lausanne,3.0411918787409324
Münchwilen (AG),3.0411211943276064
Fontaines-sur-Grandson,3.0411132427105914
Unterägeri,3.0408075076263215
Roveredo (GR),3.0407391670060115
Grellingen,3.040621971745354
Lalden,3.040467427547216
Saint-George,3.0404352621033444
Allaman,3.0402056903640946
Cottens (FR),3.0402017149698937
Etagnières,3.0401902477081895
Walchwil,3.0399641902777836
Démoret,3.039902250499359
Wil (ZH),3.039814719783283
Obergerlafingen,3.039710945641483
Bursinel,3.0396164818159246
Buch (SH),3.0395126243349013
Walterswil (SO),3.0393610929753856
Oberhünigen,3.039125326264675
Bofflens,3.038855358007436
Greppen,3.0388344036705504
Ennetbürgen,3.0388077948362993
Massonnens,3.0387437935966406
Rüdlingen,3.0387399332576397
Kaufdorf,3.038630860519997
Rossa,3.038627965209028
Küsnacht (ZH),3.038582467668072
Kirchberg (SG),3.0385421385526845
Koppigen,3.038523908230249
Wäldi,3.0384316051504445
Neuhausen am Rheinfall,3.038393261119535
Rorbas,3.0380935250729904
Vaux-sur-Morges,3.038084892946606
Sevelen,3.0379708451110425
Bussy-sur-Moudon,3.037599168053175
Syens,3.0373922487786724
L'Abergement,3.0373675884076032
Arisdorf,3.0373565318834364
Pierrafortscha,3.0372309560054838
Gossau (ZH),3.03711365629319
Kernenried,3.0370048392636333
Rovray,3.036905514808157
Farnern,3.036553274772579
Ausserberg,3.036426339745123
Alpthal,3.03623323706703
Kriechenwil,3.036190994705723
Cama,3.0358669919881787
Löhningen,3.0357915814630814
Flurlingen,3.0357681017294555
Vugelles-La Mothe,3.0355385380670787
Mörigen,3.035524614146718
Beinwil (SO),3.0354661333958166
Hüttikon,3.0354213515263044
Courchapoix,3.035375624771652
Denens,3.035273391316392
Soazza,3.035147774222828
Unterbäch,3.0349371281968613
Echandens,3.0349156965837705
Oppens,3.0348714882711816
Siselen,3.0346142520920805
Muolen,3.03451406148324
Chancy,3.03446670448831
Bichelsee-Balterswil,3.0344608442581
Wasterkingen,3.0343649877108527
Saxeten,3.0343011272047407
Avers,3.0341318823043837
Gy,3.0341074181792407
Ferrera,3.0340782961166455
Rodersdorf,3.0340221563484455
Laconnex,3.033917086516636
Jenins,3.03389460608283
Furna,3.033826961011582
Buchberg,3.033808086813695
Diessbach bei Büren,3.033744214461676
Ormalingen,3.033373674980667
Fieschertal,3.033292754001171
Burgistein,3.0331832353003185
Riemenstalden,3.032997155430309
Sachseln,3.0329156556802603
Bühl,3.032800180925241
Etoy,3.0326595238594156
Bergdietikon,3.0325826410822074
Urdorf,3.032462043521721
Zeihen,3.0321947835143455
Penthéréaz,3.0321463504013986
Schluein,3.032132557220706
Bretigny-sur-Morrens,3.0321148424157185
Les Enfers,3.0320888827194556
Courchavon,3.0320612575466237
Reutigen,3.0320239630731556
Nods,3.0317978514708925
Schnottwil,3.031687989090839
Auboranges,3.031578732852322
Premier,3.031392948476916
Bäriswil,3.0312597284783735
Nunningen,3.0308873576952555
Cademario,3.0308710646826227
Muriaux,3.0308378656684414
Lamone,3.0306001954400674
Walterswil (BE),3.03047000988409
Anières,3.030378798098069
Cornaux,3.0302360332919744
Meinisberg,3.03020695584499
Kirchdorf (BE),3.0301862675277067
Gurzelen,3.0298543263658275
Mauraz,3.029787095771417
Chavannes-sur-Moudon,3.0296727510442834
Riggisberg,3.029627385155127
Grangettes,3.0294470900685875
Niedermuhlern,3.0294231089688095
Torricella-Taverne,3.0293381010264864
Salvan,3.02924201379118
Buseno,3.0291784959021264
Schwarzhäusern,3.02917309050367
Eptingen,3.0291714588164886
Rebévelier,3.029161748037452
Gerzensee,3.02908323856164
Würenlos,3.028952183947584
St. Ursen,3.028894236190295
Vilters-Wangs,3.028852081081347
Büetigen,3.0288273619031405
Künten,3.0287184868575854
Reute (AR),3.028671482899492
Tolochenaz,3.028670825243284
Uezwil,3.0286542922755473
Vendlincourt,3.028638018784898
Bargen (BE),3.028559380863459
Kilchberg (BL),3.028506976711758
Lovatens,3.0284200574114863
Buch am Irchel,3.0283854652376694
Bottenwil,3.0283803962568268
Seewen,3.0282361468139927
Balm bei Günsberg,3.0282305654650687
Niedergesteln,3.028190528345757
Bodio,3.027903875313614
Schattenhalb,3.02788960172102
Saules (BE),3.0278681086700083
Schönengrund,3.0277748717287425
Büren (SO),3.0275686159711523
La Côte-aux-Fées,3.0275159196233887
Porza,3.0274827178683243
Urnäsch,3.027434673863322
Saubraz,3.027166528572964
Tartegnin,3.027030723022308
Suscévaz,3.026943952752552
Kammersrohr,3.0269240654587346
Twann-Tüscherz,3.0268813677692696
Walliswil bei Niederbipp,3.0267848827584505
Movelier,3.0267636069067416
Biezwil,3.0267203649268186
Tschappina,3.026320878647453
Horriwil,3.0262972196581166
Schelten,3.0261318346095205
Heiligenschwendi,3.0259093389974043
Berken,3.0259075193196914
Biglen,3.025781129013124
Comano,3.0256404892333455
Dürrenäsch,3.0256128465788987
Grandfontaine,3.025545503076263
Romainmôtier-Envy,3.0255374896954006
Rongellen,3.025534067912958
Savosa,3.0255182361374837
Deisswil bei Münchenbuchsee,3.0254798952913178
Saint-Livres,3.025212233077351
Corbeyrier,3.0251972961084475
Tschugg,3.0251765762081457
Bister,3.025170710589228
Lütisburg,3.0251567346835233
Aubonne,3.0251024361462124
Herbligen,3.025101533617416
Bosco/Gurin,3.02492023341152
Saint-Martin (FR),3.024794353429638
Valeyres-sous-Montagny,3.0247486635115375
Zell (LU),3.024686125412855
Dompierre (VD),3.02458268964796
Sagogn,3.0244707113948444
Ependes (VD),3.0244606938070024
Dällikon,3.0244011656882845
Lichtensteig,3.024312751947727
Cureglia,3.0241907043996274
Bachs,3.024091698811656
Egolzwil,3.0240888457400716
Läufelfingen,3.02405831158938
Soubey,3.0240225567297574
Rapperswil (BE),3.023966744045064
Häutligen,3.0238829185386256
Siblingen,3.0238215220363815
Finsterhennen,3.0237093814400575
Ménières,3.023504927712139
Thunstetten,3.0232341036101196
L'Isle,3.0232252251585003
Teuffenthal (BE),3.023176711797418
Alchenstorf,3.0231529124759207
Hemmiken,3.0230577246011245
Buttisholz,3.0230433694597383
Brünisried,3.0228903485075547
Zeneggen,3.022687380177813
Urmein,3.0226672907062686
Eisten,3.0226504622294037
Campo (Vallemaggia),3.022472782413542
Gravesano,3.022173225460136
Inden,3.022083925122328
Sils im Engadin/Segl,3.0219360704906526
Wuppenau,3.021895340344677
Sorvilier,3.021864458254671
La Rippe,3.0218479593885084
Vico Morcote,3.0217241404518145
Le Lieu,3.021714577236444
Treycovagnes,3.0215304680353148
Nenzlingen,3.0214557561063176
Bellmund,3.02143465943044
Romont (BE),3.0214256744497523
Novalles,3.021322853566208
Ederswiler,3.0212770560833566
Wiggiswil,3.0210532007644177
Aedermannsdorf,3.02089510554492
Grône,3.020823290841544
Buckten,3.020724154137446
Les Breuleux,3.020721866691464
Reitnau,3.020467126403758
Luins,3.0204512030080193
Seehof,3.020400385415329
Wileroltigen,3.0201664937857924
Le Cerneux-Péquignot,3.0200560035436146
Busswil bei Melchnau,3.019588727969637
Grandevent,3.019400317181808
La Brévine,3.0193172895560267
Villars-Epeney,3.0192427105865347
Gurbrü,3.0192116474632544
Zullwil,3.019151774882543
Sufers,3.0187740204063416
Montagny-près-Yverdon,3.0187505695557673
Zillis-Reischen,3.0186461442180277
Oberwil im Simmental,3.018435696463538
Raperswilen,3.018382460037792
Dättlikon,3.0182974801123628
Senarclens,3.018257885215474
Les Bois,3.018250537984402
Kleinandelfingen,3.0182140059592535
Sonceboz-Sombeval,3.0181967301205526
Hettlingen,3.0181696957006707
Unterramsern,3.018163149171974
Santa Maria in Calanca,3.017965892566082
Wiler (Lötschen),3.017943364340531
Weiningen (ZH),3.0177139548620118
Miglieglia,3.0176780837931476
Grossdietwil,3.01762655250995
Menznau,3.01752395794796
Meienried,3.017520042103692
Treytorrens (Payerne),3.017435325043528
Niederried bei Interlaken,3.0172903137447427
Dotzigen,3.0171598812125437
Trasadingen,3.016997449330195
Ursins,3.0169640417652888
Mergoscia,3.016941106691452
Safnern,3.016896670930583
Calanca,3.0167019550110226
Le Noirmont,3.0166770290553475
Chavannes-de-Bogis,3.0165784556145394
Nusshof,3.0164674979359414
Falera,3.016350838292172
Wölflinswil,3.016321140580548
Cerentino,3.0163191469912376
Bourrignon,3.0163150524751643
Sergey,3.016285789683853
Trient,3.0162143064519933
Habkern,3.0161992460019635
Hauenstein-Ifenthal,3.0158214466979643
Burg im Leimental,3.015801538235491
Bettmeralp,3.0157219616341786
Lax,3.015381161587643
Lussery-Villars,3.0151769650389775
Lindau,3.0150781679005263
Veytaux,3.0147560978410564
Mettembert,3.014568932708444
Trüllikon,3.0145065623200837
Giffers,3.0143848905298944
Hermrigen,3.01401719479813
Puidoux,3.013958099605405
Küblis,3.0138256764996725
Hauterive (NE),3.01379087587502
Bennwil,3.013766026562905
Romanel-sur-Morges,3.0136089236129053
Saint-Prex,3.0135688786959363
Saint-Brais,3.0132757844795535
Schlossrued,3.0132438334988745
Reisiswil,3.01319382334671
Wahlen,3.013152305690434
Wiliberg,3.012793040340992
Berlingen,3.0127479321052046
Conters im Prättigau,3.0126950709950098
Curtilles,3.0126494040968796
Tentlingen,3.0123108796791076
Morschach,3.012310482489316
Murgenthal,3.0121997833693737
Pailly,3.0121766381706885
Titterten,3.0121708463191017
Villaz,3.012162771164112
Besenbüren,3.012154328212992
Vitznau,3.012113247511059
Moiry,3.0120362026721517
Ulmiz,3.0120090780091817
Sulgen,3.0118698416322602
Binn,3.011772840572387
Densbüren,3.011612546908496
Gruyères,3.0109058504052193
Amsoldingen,3.0107064641043086
Champoz,3.010670455287065
Brienzwiler,3.0106332311478137
Rossinière,3.0103417285714116
Vuisternens-devant-Romont,3.0103371786574313
Röthenbach im Emmental,3.0102345996134723
Bovernier,3.010073935153523
Zielebach,3.0100439120925375
Eschert,3.0099720509985386
Icogne,3.0099303461528586
Truttikon,3.009810367829552
Oberlangenegg,3.009790365126188
Innerthal,3.0096992718756983
Eggenwil,3.009695450722955
Vinzel,3.009629845820702
Les Planchettes,3.009587275382631
Cuarny,3.009485929002393
Hagneck,3.0094217738307263
Le Bémont (JU),3.0093361061342785
Bonvillars,3.0092887284664176
Rumendingen,3.009089807483877
Biel/Bienne,3.008866537554448
Rüthi (SG),3.008790917593676
Güttingen,3.008682251500787
Affoltern im Emmental,3.0086259647779823
Villars-le-Comte,3.008440414023808
Fideris,3.0084195313532396
Oberkulm,3.0083815531636064
Rivaz,3.0083584755599615
Münsterlingen,3.008183250996927
Kaisten,3.0081109465480163
Stein (AR),3.0080483087879264
Merzligen,3.008017456976155
Lignerolle,3.008004188419374
Mesocco,3.0079843513835374
Bürglen (TG),3.0078528401538756
Personico,3.0078301012072757
Thalheim (AG),3.0076693708101434
Linescio,3.007579066853946
Schönenbuch,3.0074444933528524
La Chaux (Cossonay),3.007429705120238
Törbel,3.007391815453838
Berikon,3.0073142371594526
Villars-sous-Yens,3.007060109155103
Sarmenstorf,3.0068370214524434
Duggingen,3.006656972786787
Seedorf (BE),3.0064624973638585
Crans-Montana,3.0064003383892683
Bettenhausen,3.006389645020635
Realp,3.0062439860514365
Regensberg,3.006220118059921
Clos du Doubs,3.006195744739482
Bözberg,3.0060832795490717
Ergisch,3.0060235824484716
Hägglingen,3.0060050440016193
Bursins,3.0059510176330657
Sauge,3.0056988083577494
Bedretto,3.0056596846724153
Astano,3.0053875944322597
Corcelles (BE),3.0053815420654653
Kirchleerau,3.005354381578304
Castaneda,3.0053265348370632
Madulain,3.0052668965932194
Dietwil,3.005203418912669
Tobel-Tägerschen,3.0049970626480333
Missy,3.0049365252123117
Guttet-Feschel,3.004931870933803
Kappelen,3.0048026560943493
Laufenburg,3.0047515511356746
Tévenon,3.004679438459765
Arboldswil,3.0045671047086575
Uttwil,3.004557396461416
Rütschelen,3.0044687541229274
Stein (AG),3.0044632534000004
Hellsau,3.004360739067523
Buus,3.00426166902289
Leuzigen,3.004088193431131
Zeglingen,3.0038683704782163
Flumenthal,3.003610528678945
Jaun,3.0035466756372324
Renan (BE),3.003501328438353
Lupfig,3.0034997086473454
Rüschegg,3.0032993144982507
Aranno,3.003198239423022
La Ferrière,3.0029648370392845
Châtillon (JU),3.002804161846251
Berg am Irchel,3.002755980634453
Damphreux-Lugnez,3.0023313564453677
Böztal,3.0021843540369617
Fehren,3.0021413988021215
Walperswil,3.002074798112555
Mosnang,3.0020481676021245
Rüti bei Lyssach,3.0020293214973677
Crémines,3.0019563975129615
Valeyres-sous-Ursins,3.0018807354838333
Wachseldorn,3.0018609105882437
Mellikon,3.001715564354281
Lommis,3.001701811497808
Landiswil,3.001633355798659
Obergoms,3.00160818466352
Innertkirchen,3.001608181638726
Allmendingen,3.0015859520553794
Isone,3.0015410830401676
Abtwil,3.001455480264536
Moosleerau,3.0012992331391586
Lauwil,3.0011632849079497
Seelisberg,3.0011487378852633
Jorat-Menthue,3.0009792005973392
Mutrux,3.0008976767706397
Villarsel-sur-Marly,3.0008420027540694
Ufhusen,3.000825868383411
Champagne,3.0007699138830124
Mont-Tramelan,3.0007418852408825
Saint-Gingolph,3.000658189998243
Mörel-Filet,3.0004990901543787
Bossonnens,3.000465283480513
Mattstetten,3.0004609979478754
Niederhelfenschwil,3.0003496180514886
Flüelen,3.000270429320849
Zwischbergen,3.0002017154071807
Ziefen,3.000090785897654
Zuzgen,3.000038940924686
Dalpe,2.999914733935161
Zeiningen,2.9999087844893584
Cugnasco-Gerra,2.9997991352325233
Randa,2.999656407389451
Rifferswil,2.9996503784420736
Hunzenschwil,2.9993034036051904
Eppenberg-Wöschnau,2.999150157263185
Uetikon am See,2.9991149326509823
Liedertswil,2.9990824552988364
Iffwil,2.9990154444103427
Bissone,2.998851323051655
Habsburg,2.998813910766044
Münchenwiler,2.9987622438996424
Roches (BE),2.998277702806038
La Punt Chamues-ch,2.998229563737347
Soyhières,2.997973841606512
Oetwil an der Limmat,2.9979084241317278
Witterswil,2.9979067532464603
Kiesen,2.9978779616737183
Mandach,2.9978247129331614
Biasca,2.9978018423609387
Stettfurt,2.997585768668882
Bottens,2.997558311220006
Boussens,2.997488572022216
Villeret,2.9974463503366984
Saas-Almagell,2.9972789632233714
Saicourt,2.9972467934045763
Hausen am Albis,2.9972420554360175
Sils im Domleschg,2.9970965816089956
Aire-la-Ville,2.9967731081847275
St. Silvester,2.9967160283965737
Ernen,2.99668249460345
Muntogna da Schons,2.996462897417047
Embd,2.996447065729326
Ferpicloz,2.9963257738935885
Hauptwil-Gottshaus,2.9962787181311077
Därligen,2.9961519513485
Flaach,2.9960908142618825
Lüscherz,2.995697509649751
Ferden,2.9956705124170657
Aadorf,2.9955781377857873
Greng,2.995212313452964
Full-Reuenthal,2.995088118041036
Epsach,2.994889798484476
Unterschächen,2.99484369338533
Augst,2.994827330186151
Féchy,2.9947558462132147
Vaulion,2.9946920093898473
Andermatt,2.994492370740336
Villnachern,2.994306681095653
Valeyres-sous-Rances,2.9942612916684164
Fräschels,2.9941677007492213
Hospental,2.9941658565474394
Grindel,2.9940211081461636
Fischenthal,2.9938386710771034
Courtedoux,2.993807376052808
Enges,2.9937427366930707
Wila,2.993431368574833
Aefligen,2.993374770020572
Känerkinden,2.993332958851082
Rothenbrunnen,2.9930150094838095
Jenaz,2.9929201567875934
Celerina/Schlarigna,2.9927617608588033
Ramlinsburg,2.9926304791585983
Prato (Leventina),2.992622937206597
Schmitten (GR),2.9925108406190026
Develier,2.9924947367606163
Hüntwangen,2.9923779932859342
Faoug,2.9922507471947406
Uznach,2.9921204828445442
Kippel,2.992000523226447
Ferreyres,2.9919817340904045
Heimiswil,2.99191259350538
Thürnen,2.991858072939554
Höchstetten,2.991386028540968
Chéserex,2.991303079069662
Altstätten,2.9911735970106896
Neuenegg,2.990863597562344
Triengen,2.990848515315071
Unterentfelden,2.990756197857915
Saint-Barthélemy (VD),2.990619075113062
Hofstetten bei Brienz,2.9903852876785217
Belprahon,2.990354043324299
Rickenbach (TG),2.990137352913668
Chénens,2.990012418379488
Blatten,2.989669622429885
Treiten,2.9895816061544545
Finhaut,2.989501318906167
Wolfhalden,2.9894944688411083
Grengiols,2.9893948117534057
Rheinau,2.989371928250827
Oberbipp,2.989124981656664
Oetwil am See,2.98910379163745
Biel-Benken,2.9890571620104636
Schlatt (ZH),2.988880943750536
Coeuve,2.988866519495535
Willadingen,2.988800163215753
Gottlieben,2.9887562999497694
Altnau,2.9884384812792115
Rougemont,2.9882077265952467
Horrenbach-Buchen,2.988125105987595
Hemishofen,2.988000408391496
Rünenberg,2.987808960640058
Cadempino,2.987791420851524
Himmelried,2.987774463867031
Rumisberg,2.987573301169286
Egnach,2.98751275320268
Giebenach,2.987348376133111
Kesswil,2.987190107364136
Mammern,2.987188807337705
La Chaux-du-Milieu,2.9871835765099872
Mezzovico-Vira,2.98717610528506
Salenstein,2.9870468435198667
Mönthal,2.9870183679453346
Feldbrunnen-St. Niklaus,2.9868304247501194
Fahy,2.9863023595378793
Illgau,2.9862744846466924
Herdern,2.9861549126700146
Birwinken,2.9861177191652013
Staldenried,2.985831760197007
Rheinwald,2.985531531130705
Sâles,2.9855199818855036
Oberbalm,2.985509541462895
Liddes,2.9854531566929348
Böckten,2.9851667014964587
Montcherand,2.98515077837882
Eischoll,2.9850128185640017
Olsberg,2.9846095540122404
Fürstenau,2.984552919485377
Eschenz,2.984331577166192
Eiken,2.9842954725102184
Gondiswil,2.984166953330479
Ormont-Dessus,2.9837694400099797
Uerkheim,2.983669532640867
Meinier,2.98364658725229
Péry-La Heutte,2.9834351559676544
Lütschental,2.9830101776751765
Oeschenbach,2.9827678003324385
Guttannen,2.9827141557147248
Pleigne,2.982625727372986
Schwaderloch,2.982602599257403
Zetzwil,2.9823571209495205
Iseltwald,2.9823062735959294
Collex-Bossy,2.982118439396064
Mervelier,2.982009814681346
Oberthal,2.981869823872703
Bätterkinden,2.981757267697929
Gsteigwiler,2.9815666729622223
Remetschwil,2.9815415133033714
Amlikon-Bissegg,2.9814801177120334
Le Châtelard,2.9813015719289724
S-chanf,2.9812029666102795
Schwellbrunn,2.9810569110280283
Elgg,2.9805533693079678
Champéry,2.9799109906966397
Ramsen,2.9798487545272754
Dietlikon,2.9797977341765787
Bürchen,2.9797530288638963
Oberengstringen,2.979743521371272
Henggart,2.9795635269242173
Montricher,2.9793953289110657
Cortébert,2.9793301192001134
Gündlischwand,2.9790750697898556
Raron,2.978698987129207
Oberried am Brienzersee,2.9786836436526896
Hinwil,2.978676693783028
Beggingen,2.9785059688507123
Roggenburg,2.978268692067665
Plateau de Diesse,2.978206501105645
Seeberg,2.9778826408920107
Pohlern,2.97761012726164
Matzendorf,2.9775952315795817
Neggio,2.9775568062143685
Saas-Balen,2.977507147597072
Ursenbach,2.9774171016515347
Nuglar-St. Pantaleon,2.977406270823267
Bättwil,2.9772272856417983
Lyssach,2.9772260552222423
Muntelier,2.977162081153053
Graben,2.976989707794225
Russin,2.9769847934740854
Wangen-Brüttisellen,2.9769483578182685
Lantsch/Lenz,2.976883672523564
Grandval,2.9768611661138307
Därstetten,2.976695938042623
Zuoz,2.9765883808683413
Göschenen,2.9761109003626443
Sisikon,2.976109682916754
Freimettigen,2.9760530634031586
Giornico,2.9757992203416928
Oberhallau,2.975764982588354
Morcote,2.975562782197203
Trogen,2.9753558557798914
Benken (ZH),2.975343965598466
Homberg,2.9748845471541148
Schmitten (FR),2.9748168102775017
Luthern,2.974799899297374
Böttstein,2.9746832834378214
Diepflingen,2.9746682713160872
Vorderthal,2.9746253819696653
Quarten,2.9745213957702856
Eggerberg,2.974400267570114
Wassen,2.973935892211592
Brenzikofen,2.97384948411379
Hüttlingen,2.973756978993411
Wildberg,2.973754116690341
Schongau,2.973747850515359
Acquarossa,2.9736475279932657
Udligenswil,2.9734747615583363
Werthenstein,2.973271552623536
Chamblon,2.973242472560463
Bedigliora,2.972974566038719
Subingen,2.9729266798245333
Hittnau,2.9727744756046386
Masein,2.9727176744441857
Autigny,2.972712158264518
Onsernone,2.9726479655816305
Haute-Ajoie,2.972571273579643
Rue,2.9724687638911123
Häfelfingen,2.9723120704280985
Jens,2.9717036570939084
Cressier (NE),2.971597470490013
Fischbach,2.9715965455295037
Onnens (VD),2.971352182304354
Schupfart,2.971296558589273
Neuenkirch,2.971122416365125
Niederwil (AG),2.970973947299576
Eggersriet,2.9709102484673333
Château-d'Oex,2.9708312017765937
Romoos,2.970798744402165
Jonschwil,2.9705823384089247
Eriz,2.9704519809935452
Les Verrières,2.970420287894273
Ponte Capriasca,2.970235960061382
Bannwil,2.9701945927480717
Steckborn,2.9701841494269785
Fahrni,2.969829870747011
Sorens,2.9692759706398437
Rohrbachgraben,2.9691903398825295
Maisprach,2.9690471430768506
Erschwil,2.968923703665182
Dörflingen,2.9688869688094797
Oberiberg,2.9688429202048394
Gansingen,2.968836120577421
Gontenschwil,2.9687613375738
Stocken-Höfen,2.9684891236407913
L'Abbaye,2.9680266947273295
Fontenais,2.9675180539913457
Biberstein,2.9670326005164327
Messen,2.9669965468557002
Basadingen-Schlattingen,2.9663953017011866
Scharans,2.9663172611752473
Bière,2.965889922230805
Bischofszell,2.965807591657084
Langenbruck,2.9653587321683283
Uesslingen-Buch,2.9651766064536
Chippis,2.964347944348484
Russikon,2.9642588036469983
Sisseln,2.9642459135301915
Hochfelden,2.963602399753311
Auswil,2.963569886337695
Pfaffnau,2.96347885580259
Grüsch,2.9629903757394955
Zuzwil (BE),2.9629857454293376
Bönigen,2.9627190581280405
Altbüron,2.9623025746211793
Füllinsdorf,2.962180691943647
Dürrenroth,2.96187564168505
Bergün Filisur,2.9614379142487803
Lutzenberg,2.961079041519485
Oberweningen,2.960886904984775
Buchrain,2.960781801951238
Rüfenach,2.960474390420411
Stammheim,2.960403480071883
Kienberg,2.9599235921143383
Avusy,2.959918113026004
Walkringen,2.959600123893451
Wenslingen,2.9590839260037725
Sonvilier,2.9588648353505205
Neyruz (FR),2.9588468073272143
Einsiedeln,2.9588139459820395
Welschenrohr-Gänsbrunnen,2.9587965126890614
Leuggern,2.9581422480977606
Grandson,2.957439222701857
Küssnacht (SZ),2.9574068258507387
Lauerz,2.9573585045792594
Riederalp,2.957219386611109
Wädenswil,2.9571538650619837
Wallbach,2.9571240208566985
Ermatingen,2.956579093512844
Meyriez,2.9564918467046675
Bure,2.956006999423089
Glattfelden,2.955956483183301
Grossaffoltern,2.955835238937305
Lauenen,2.9557742507751295
Rorschach,2.9557539344946533
Maggia,2.955675948048555
Fulenbach,2.955629865805203
Serravalle,2.9553886391349136
Utzenstorf,2.955295234552903
Otelfingen,2.9548920860557706
Amden,2.954834132486361
Andelfingen,2.9547454180439194
Saint-Martin (VS),2.954675471191954
Brione sopra Minusio,2.954613903147323
Ried-Brig,2.954553517792043
Montfaucon,2.9543406118579596
Wagenhausen,2.9540522390602177
Grancia,2.9539365807722824
Meltingen,2.953895038085718
Oberrüti,2.9537905661583657
Ligerz,2.953570503340349
Gonten,2.953522721668112
Forst-Längenbühl,2.9526305693416095
Rickenbach (BL),2.952001540984692
Bachenbülach,2.9516132654338207
Mirchel,2.950787153567036
Erlen,2.9507449009930964
Andeer,2.950275958216361
Rechthalten,2.9500656388266173
Schleitheim,2.949993312687651
Untereggen,2.949826234068377
Manno,2.9494249439848788
Court,2.9494175388240476
Kestenholz,2.9493896724443767
Orselina,2.949385776963832
Wangen bei Olten,2.949290884306537
Wegenstetten,2.9488917045070333
Isenthal,2.9487310453353826
Krattigen,2.9484656307480432
Wintersingen,2.948457465753694
Geroldswil,2.9483877623422723
Rehetobel,2.947883410594862
Silvaplana,2.947555602378251
Gipf-Oberfrick,2.9472599506018646
Eriswil,2.9466631618045787
Le Mouret,2.946634989566821
Saignelégier,2.9466182938131094
Hellikon,2.9466004842517464
Yvorne,2.946198539524743
Affoltern am Albis,2.945838771614962
Riniken,2.9455711994971443
Tschiertschen-Praden,2.9455415687324527
Blauen,2.945178668227777
Ersigen,2.9451603353490436
Dittingen,2.9444773028802333
Radelfingen,2.9440981515576325
Arogno,2.943717583073064
Ochlenberg,2.9432288979440084
Cevio,2.94310156351812
Arni (AG),2.942919943172204
Anwil,2.942761849121534
Avry,2.9421574192185775
Le Landeron,2.9421082549405577
Le Flon,2.9420815942699794
Beatenberg,2.942063642929697
Hüttwilen,2.941807886619653
Oberdiessbach,2.941637871616681
Basse-Allaine,2.941432725898061
Maschwanden,2.9411068019102378
Cugy (VD),2.940956043344517
St. Stephan,2.94086041824766
Arth,2.9408357260869007
Lavertezzo,2.940782152808639
Niederdorf,2.940502506599578
Nidau,2.9400896355453985
Eichberg,2.9400132532347785
Vaz/Obervaz,2.9399314908068557
Medel (Lucmagn),2.9392418500985933
Jussy,2.9392157964958785
Pfäfers,2.939068084222506
Melide,2.9386499897555187
Drei Höfe,2.938394977304966
Giswil,2.9383314464662926
Chexbres,2.9382192550487427
Brusino Arsizio,2.9380886008830767
Gurtnellen,2.9380557790376747
Linden,2.938018377509129
Bellwald,2.937772585372254
Rüttenen,2.937733643431767
Schwarzenberg,2.9375821426995947
Romanshorn,2.937445033624478
Dozwil,2.937251116208853
Lengwil,2.9363879009349696
Wilchingen,2.9363281464314523
Tamins,2.936188356906851
Hausen (AG),2.935181172057478
Val Mara,2.9351769407945363
Mettauertal,2.934786676965095
Oberegg,2.9346314257035546
Agarn,2.9342655601158634
Menzingen,2.934191391706838
Boncourt,2.933907742380759
Hagenbuch,2.9337251389209293
Bedano,2.9335073479265033
Hergiswil bei Willisau,2.933164042522667
Wettswil am Albis,2.932647041235549
Koblenz,2.9326047218351734
Bolken,2.9323126354376337
Martigny-Combe,2.931928437658288
Kandersteg,2.9310866742271053
Tenniken,2.9309537327530615
Rüti bei Büren,2.9306782202064827
Tecknau,2.9305802293207397
Seegräben,2.93011594311145
Münchwilen (TG),2.929507803882749
Täsch,2.929437157048509
Ronco sopra Ascona,2.928947046694149
Wangen an der Aare,2.9287086050425573
Oberhofen am Thunersee,2.9285680057717394
Hofstetten-Flüh,2.928221708035784
Schangnau,2.9280357948210742
Metzerlen-Mariastein,2.9279563659805854
Aesch (BL),2.9273115342863036
Steg-Hohtenn,2.927142603397812
Lohn (SH),2.9271182595748373
Lavizzara,2.9271042704724803
Erlenbach im Simmental,2.926999741025994
Stettlen,2.9266789192522995
Bever,2.9264530222749956
Ingenbohl,2.9263425171994673
Rothenfluh,2.926236039843473
Lungern,2.926209376729884
Bretzwil,2.926086741219076
Poliez-Pittet,2.9259340137430963
Diepoldsau,2.9255476999167898
Alto Malcantone,2.9252341393925003
Veysonnaz,2.9251235628721077
Blenio,2.9251038845608277
Courgevaux,2.9248683573118064
Boningen,2.9248479601109545
Halten,2.9236435542162087
Schmiedrued,2.9234583780552903
La Sarraz,2.9234527902582683
Neerach,2.9234424374776578
Pura,2.9232955342126368
Les Ponts-de-Martel,2.9231800122037197
Thierachern,2.9229831351976796
Zernez,2.9225932182229535
Vernayaz,2.922544890905872
Simplon,2.922426968785733
Niederbipp,2.9221981876508494
Hubersdorf,2.9217615676479953
Steinmaur,2.921035457876034
Trachselwald,2.9209993377859305
Gelterkinden,2.920891504518274
Schenkon,2.9207167814970503
Wynau,2.920123560940364
Basse-Vendline,2.9198850934959353
Unteriberg,2.919533890902086
Cornol,2.918815943275643
Ferenbalm,2.9187911423692774
Brugg,2.9187769531137215
Seltisberg,2.9181910451603437
Ettiswil,2.9179856212197928
Oberdorf (BL),2.917824520699494
Laupen,2.9175133714965833
Degersheim,2.9173660692703156
Baltschieder,2.9170990659866436
Oberrieden,2.916792322854814
Altendorf,2.9167508643347273
Leutwil,2.9161960096223747
Sutz-Lattrigen,2.9159506295353714
Schüpfheim,2.9151157211863703
Reinach (BL),2.9150578564490166
Le Chenit,2.9147969880642792
Engelberg,2.914710248270539
Hasliberg,2.9146623530966367
Oberägeri,2.914631731386441
Dallenwil,2.9145168326874358
Untersiggenthal,2.9144613698141177
Fislisbach,2.9140528481375716
Muralto,2.913087737735018
Quinto,2.911717999288908
Fischbach-Göslikon,2.911518045166555
Wald (BE),2.911227205158116
Wynigen,2.9110713278639047
Flims,2.9108576539567097
Obersaxen Mundaun,2.910269994213463
Schöftland,2.9102551552536293
Strengelbach,2.9099441766651672
Marbach (SG),2.909784928346052
Römerswil,2.9094375208802328
Balerna,2.908901362295419
Rorschacherberg,2.908641936757173
Walzenhausen,2.9082861811088505
Obermumpf,2.908185920421314
Oberhof,2.9079302306891393
Klingnau,2.9077769758313448
Oberembrach,2.907323917718075
Albula/Alvra,2.90722107757623
Bregaglia,2.906325839893847
Saint-Blaise,2.906281129568327
Sins,2.9062726818819717
Kleinlützel,2.906219268772402
Madiswil,2.9060294880216544
Speicher,2.9054186492560627
Langnau am Albis,2.90516269038434
Avully,2.9046147563363345
Hochwald,2.9044710297248617
Vezia,2.9042574693780603
Röschenz,2.903743834701505
Wängi,2.9025949062480225
Dachsen,2.902515790386149
Gais,2.901991650487036
Seedorf (UR),2.9017846513757553
Trun,2.9015873557000065
Niederbüren,2.901380975196731
Diegten,2.9013584351267143
Mühleberg,2.900750888520443
Boltigen,2.9006500884510618
Waldenburg,2.9005381620095347
Saas-Grund,2.8996806829146067
Flühli,2.8990502897087578
Aeschi (SO),2.898378603703633
Gretzenbach,2.898144217771435
Kreuzlingen,2.897601972248281
Turtmann-Unterems,2.8975533604953334
Valsot,2.8974826211960245
Aeschi bei Spiez,2.896905324055474
Luterbach,2.8968437075216342
Hundwil,2.8966086876528476
Sirnach,2.8964954909476
Büren an der Aare,2.8964744933494084
Bellach,2.8961847193088857
Trub,2.8960315377986285
Tägerig,2.895709381928146
Homburg,2.892525111000177
Deitingen,2.892274165735613
Obersiggenthal,2.8922057318442573
Bärschwil,2.89109427810512
Rüeggisberg,2.891008456266446
La Grande Béroche,2.8907123538465953
Meikirch,2.8906917108688632
Mägenwil,2.8903827054291966
Rapperswil-Jona,2.8900975861571925
Sattel,2.8899549236053073
Mülligen,2.889948632513631
Buchegg,2.8897421686757188
Schafisheim,2.8895894775956457
Verzasca,2.888978336602805
Kaltbrunn,2.88849990171454
Villars-sur-Glâne,2.8874857673453267
Toffen,2.8873403321511732
Vacallo,2.8872397814625654
Samnaun,2.885860011236918
Vals,2.8853644450024953
Ebikon,2.8851348027927
Orsières,2.8850966322612672
Lostorf,2.8848163435760497
Stansstad,2.884805015864556
Bottmingen,2.8845695900746633
Anniviers,2.8844120577227015
Brusio,2.8839449904129406
Centovalli,2.8835700386840912
Fiesch,2.8833565450978886
Kappel (SO),2.882924258695547
Coldrerio,2.882648174750337
Ueberstorf,2.8821006078033036
Weinfelden,2.8820952420980004
Märstetten,2.8814057450974224
Bellikon,2.8803405394057626
Zweisimmen,2.8802774230804276
Wilderswil,2.880270842659191
Ehrendingen,2.8800241166879146
Balsthal,2.8799703592955144
Gams,2.8798128814605146
Wyssachen,2.8795416987902644
Murten,2.879110211619251
Oberuzwil,2.8790232598636285
Diessenhofen,2.8790196903070395
Muotathal,2.878887652559685
Buchholterberg,2.8785138933864673
Collina d'Oro,2.8783635117187396
Beckenried,2.8771982866587362
Pfeffingen,2.877143869658706
Erstfeld,2.8770097083009403
Ilanz/Glion,2.8759059681844703
Breggia,2.875226230612582
Monthey,2.8750367700206514
Muhen,2.874761262196629
Grub (AR),2.8746489294423947
Däniken,2.873660014648363
Wikon,2.8734013642966607
Sainte-Croix,2.8726479537645284
Gunzgen,2.872346946350635
Mörschwil,2.872274327525578
Evolène,2.8722528857380523
Reigoldswil,2.8714280307636395
Heitenried,2.871367140427517
Pontresina,2.871338986002909
Valbirse,2.8709068112741765
Pratteln,2.870144584283911
Wolfenschiessen,2.869862416357973
Hombrechtikon,2.869706446908806
Gurmels,2.869690517947964
Stalden (VS),2.868810230464247
Leukerbad,2.8685964159621995
Riva San Vitale,2.8681189937175326
Gsteig,2.8668313814200643
Altishofen,2.866757305684359
Aeugst am Albis,2.865352951742329
Escholzmatt-Marbach,2.863784793553364
Kerzers,2.8629590706011907
Ebnat-Kappel,2.8629275663018725
Goms,2.8623470630080456
Rüderswil,2.859961779468613
Ruswil,2.858741368645289
Isérables,2.858245472326341
Schöfflisdorf,2.8570371582641094
Sumvitg,2.856854522414757
Schlatt-Haslen,2.8558279187040467
Bowil,2.8554046233844366
Ascona,2.8535738444258354
Grächen,2.8526339862847125
Trimmis,2.8522085732652727
Forel (Lavaux),2.851687291499407
Erlinsbach (SO),2.8516328871024963
Brügg,2.8509806552996335
Riehen,2.850707895161949
Versoix,2.8498261286365385
Hägendorf,2.8485253865498943
Hergiswil (NW),2.8475493183418967
Nebikon,2.8466742014417887
Hedingen,2.8464185050914503
Weggis,2.8461549461930042
Fehraltorf,2.8458717222674035
Surses,2.844971003278983
Bellinzona,2.8446595553171776
Nürensdorf,2.844154934650228
Erlach,2.8431782107197616
Liesberg,2.8431065888142233
Mümliswil-Ramiswil,2.842830409075443
Signau,2.8426472538862884
Bauma,2.842440164433648
Bremgarten bei Bern,2.8424014317435
Ballwil,2.842268861045194
Melchnau,2.842202882192146
St. Niklaus,2.8413682371909053
Sigriswil,2.840745620288665
Wartau,2.840447723972166
Tuggen,2.8392739792519284
Entlebuch,2.839117643198929
Eich,2.83828196978517
Freienstein-Teufen,2.8367706437804965
Airolo,2.836203849996011
Wilen (TG),2.8359717307158516
Ringgenberg (BE),2.835882218982796
Krauchthal,2.835361194162833
Oberbuchsiten,2.835102993305766
Steinach,2.8338157553887657
Hilterfingen,2.833430321366148
Guggisberg,2.8333273943130113
Rudolfstetten-Friedlisberg,2.8323259458540937
Geuensee,2.831875905179668
Schänis,2.8308571087622902
Seuzach,2.8298547159615084
Leuk,2.829187256657878
Lumnezia,2.8285270807265612
Stäfa,2.8275220448447214
Steinhausen,2.82339552799536
Eggiwil,2.8232591587185696
Wattwil,2.8219643292101875
Samedan,2.8216503280505316
Kradolf-Schönenberg,2.820490538366076
Schattdorf,2.819906198085757
Dänikon,2.819259197043929
Konolfingen,2.8175479135027666
Reichenbach im Kandertal,2.8174121888071886
Marthalen,2.816084586487079
Saas-Fee,2.8143857920860316
Sempach,2.8143070950545397
Bolligen,2.813445990687654
Vordemwald,2.812305705429349
Wünnewil-Flamatt,2.811583402155164
Dornach,2.8097303471228208
Heiden,2.809147589914174
Schwerzenbach,2.808504141839406
Oberburg,2.8074161716837853
Kaiseraugst,2.807054360660089
Glarus Nord,2.8069035406827028
Riedholz,2.8063167568160874
Huttwil,2.8057136060478003
Kallnach,2.8050944061931644
Heimberg,2.8050931732756004
Interlaken,2.805066666854842
Tujetsch,2.804972662975728
Gersau,2.803809208529681
Oftringen,2.80323927031267
Minusio,2.803089723664623
Waldkirch,2.80167688896026
Rüdtligen-Alchenflüh,2.801395559285495
Appenzell,2.800296238907302
Préverenges,2.7995160431872237
Disentis/Mustér,2.7973877427770737
Hasle bei Burgdorf,2.7973440410110264
Brienz (BE),2.7965827097719202
Dottikon,2.796059558600755
Rothenburg,2.7957335324043533
Dürnten,2.794288593272134
Illnau-Effretikon,2.793618511948959
Benken (SG),2.7919774553397008
Zuzwil (SG),2.791023090953889
Visperterminen,2.7896877230469164
Kerns,2.7895121642128102
Klosters,2.7886101004078543
Rüegsau,2.7879926108691566
Tafers,2.787075219097682
Oberriet (SG),2.7869489349209076
Oberrohrdorf,2.7856535764353123
Birmenstorf (AG),2.78444958328882
Brissago,2.7838996600830077
Buchs (ZH),2.778553877080186
Caslano,2.778261520820885
Breil/Brigels,2.777603809051399
Eschenbach (LU),2.7774323437368826
Sargans,2.776544588224827
Val Müstair,2.775337461078154
Erlenbach (ZH),2.774436610144404
Adligenswil,2.774041159797248
Herzogenbuchsee,2.7739531221039337
Egg,2.7725489693633056
Churwalden,2.7680888905317405
Dielsdorf,2.7660693980743107
Belfaux,2.76479357921409
Galgenen,2.7643235557771555
Sissach,2.7638269811734957
Rubigen,2.763801800961277
Richterswil,2.761800008340513
Penthalaz,2.7617807869622926
Seftigen,2.7596171190387766
Lauterbrunnen,2.756835471968313
Alpnach,2.7564940938668094
Novazzano,2.7561617706007007
Grabs,2.7555854673662914
Arosa,2.755420227308262
Moosseedorf,2.7524504638236236
Studen (BE),2.748506727780449
Plaffeien,2.7472550067797306
Oberdorf (NW),2.745744940508371
Domat/Ems,2.7421275334459962
Locarno,2.740466648416658
Grenchen,2.7394235086059964
Bäretswil,2.737203081473318
Magden,2.7338995124360834
Wohlen bei Bern,2.732369197558872
Sierre,2.7315725692025516
Villmergen,2.730396657747814
Neckertal,2.72776653390962
Wildhaus-Alt St. Johann,2.7266405971453915
Trimbach,2.7257660362044582
Capriasca,2.7241928267480846
Münchenstein,2.7174737708989527
Jegenstorf,2.7156713764118185
Niederhasli,2.7155833548440027
St. Moritz,2.713157843749355
Losone,2.7130093477718216
Luzern,2.712819792721234
Bürglen (UR),2.7095163088287166
Rüti (ZH),2.705192450968998
Adelboden,2.7049274569050588
Scuol,2.7016780065927177
Lenk,2.697908423601306
Berneck,2.696071240012171
Cortaillod,2.69567259463941
Thayngen,2.6932043336215234
Volketswil,2.692591897729768
Meiringen,2.691555407083469
Sumiswald,2.6877763134998345
Tavannes,2.686511908906723
Gaiserwald,2.686446565276689
Neftenbach,2.685711463242569
Poschiavo,2.682027406232437
Emmen,2.681892609975701
Schüpfen,2.679379231465298
Givisiez,2.678388252616752
Wolhusen,2.677491625764052
Basel,2.676710129859838
Reiden,2.675438328201482
Arbon,2.674778625042697
Tresa,2.6679172380604337
Grosshöchstetten,2.667075548348146
Stabio,2.665327059090389
Wollerau,2.6638399301516182
Hohenrain,2.6605687714617847
Wetzikon (ZH),2.655884224109684
Faido,2.655535513243168
Langendorf,2.654451523040858
Bubendorf,2.6475064805061113
Uster,2.638229621644004
Grindelwald,2.6353401381201507
Ipsach,2.628896757324211
Kirchberg (BE),2.624136573894693
Bonstetten,2.6229116216517765
Frutigen,2.622496553767546
Buchs (AG),2.6215649831043053
Matten bei Interlaken,2.6178534905437125
Flawil,2.6117649054288723
Bettlach,2.601888971649716
Bassersdorf,2.592183038262606
Gambarogno,2.5904148944820737
Spiez,2.582397518849662
Bösingen,2.580427796557323
Neuenhof,2.573058634886527
Arlesheim,2.570732648895612
Wittenbach,2.5616599291624804
Therwil,2.5507780501046193
Möhlin,2.541565809753556
Aarberg,2.538981271745647
Moutier,2.5380905528344138
Rheinfelden,2.53480168873471
Greifensee,2.534214617203762
Oberwil (BL),2.5269152868967253
Uetendorf,2.5255791108772803
Frenkendorf,2.525247946857866
Buochs,2.5167811396389883
Yverdon-les-Bains,2.516524521696359
Langnau im Emmental,2.5115156446022273
Glarus Süd,2.509197182596898
Zermatt,2.5060655743952225
Allschwil,2.5053245535330517
Val-de-Travers,2.502498417329298
Wettingen,2.5009028884878446
Frauenfeld,2.49435489794152
Visp,2.4835737325258878
Unterseen,2.4824269008972255
Hünenberg,2.473281468231455
Sarnen,2.466673396345133
Urtenen-Schönbühl,2.423644430965621
Buchs (SG),2.419669710825694
Naters,2.4194298764312325
Morbio Inferiore,2.392997009079433
Oensingen,2.3891515933783554
Delémont,2.3750189747084125
Schübelbach,2.3605331932000255
Landquart,2.360235627606632
Glarus,2.344376881983067
Schwarzenburg,2.3412977195533853
Porrentruy,2.324457099838609
Brig-Glis,2.3215307848182256
Mendrisio,2.3204939496690518
Hochdorf,2.3113016158088495
Thalwil,2.2954914478347828
Ittigen,2.294963329096813
Muttenz,2.294406873911808
Birsfelden,2.2625375975525057
Binningen,2.2575212450959423
Burgdorf,2.2360805279850156
Chiasso,2.225636023438794
Wil (SG),2.1967970414854068
Worb,2.18872517961386
Münchenbuchsee,2.1851305349201295
Willisau,2.1659360355019133
Baar,2.1610289369889943
Solothurn,2.1421440471486557
Stans,2.136688134625206
Saanen,2.1161500047215576
Dietikon,2.0969114410869807
Steffisburg,2.0828976336916547
Zug,2.04479021688784
Adliswil,2.0154792024372745
Chur,1.9756240998552386
Freienbach,1.9009212894999903
Belp,1.8774548511868536
Le Locle,1.8400850778858544
Gossau (SG),1.83724241720085
Davos,1.8159535021665747
Herisau,1.5845225871382767
Langenthal,1.5574680612010976
St. Gallen,1.2915461737995733
La Chaux-de-Fonds,0.9302687220624577
Lugano,0.6243420496425858
Thun,0.32786885245901637
