nom_commune,trend_score
Zürich,69.67058290840126
Troinex,69.62947383122277
Niederweningen,66.55698342950126
Birrhard,64.99728573540038
Renens (VD),64.86241309472679
Crissier,64.80791990328676
Nendaz,64.71622151677653
Monthey,64.51546644360354
Weinfelden,63.91211315089301
Broc,63.61384849351467
Satigny,63.245413624855374
Plan-les-Ouates,62.91412209648221
Schwaderloch,62.70081017945006
Blonay - Saint-Légier,62.508011406898845
Lancy,62.402277523845015
Alpnach,62.38179453505849
Bodio,62.37327347462768
Echallens,62.07515575194543
Burgdorf,62.008791140278205
Münchenbuchsee,61.935851993285084
Küttigen,61.648459290538604
Saint-Cergue,61.0263849524744
Arbon,60.62847065096187
Saillon,60.399130063679245
Pregny-Chambésy,60.38967381618742
Mettmenstetten,59.7127113048419
Riehen,59.31009319746612
Treyvaux,59.29389094116915
Oberlunkhofen,59.26797468442764
Sion,59.10511792071004
Courtepin,59.05859136342437
Zunzgen,58.529615636508
Anières,58.48210244451393
Chêne-Bougeries,58.47279372151669
Dübendorf,58.45544591473177
Morlon,58.36900767298678
Binningen,58.1977569312165
Mönchaltorf,58.15330080476208
Rupperswil,58.08477946144611
Cossonay,57.912947636329456
Ruswil,57.90135962309959
Spiez,57.892880698874905
Embrach,57.87992302628052
Fully,57.846063133010176
Vandoeuvres,57.76569946586404
Bernex,57.737927218980865
Regensdorf,57.719813902131456
Stetten (AG),57.62397304638525
Sins,57.62022497976321
Chêne-Bourg,57.59097776660306
Zollikofen,57.36184485625001
Trélex,57.28525566290526
Signy-Avenex,57.21528921795475
Auenstein,57.19375500378268
Brittnau,57.16980463418485
Basel,57.159265539460634
Sumvitg,57.04781259251517
Eschenbach (SG),57.03202012240205
Cortébert,56.915227723757155
Versoix,56.909643073256674
Chêne-Pâquier,56.77345274682598
Fehraltorf,56.760490646899285
Zufikon,56.74867032721182
Ecublens (VD),56.70879490458727
Dulliken,56.65500680907991
La Grande Béroche,56.60898637180941
Alle,56.597996113555624
Romanel-sur-Lausanne,56.532013008760046
Lignières,56.4927802063984
Hettlingen,56.46376413023361
Fislisbach,56.458341253328356
Unterbäch,56.42057702986987
St. Margrethen,56.395894641787294
Bennwil,56.36953636922785
Hinwil,56.31513580823913
Ennetbürgen,56.314880059439766
Stallikon,56.31080897619993
Thundorf,56.275530658012165
Escholzmatt-Marbach,56.239076611069365
Steinmaur,56.23761056448127
Liestal,56.20574125292276
Otelfingen,56.19037080074948
Gampel-Bratsch,56.17571741342332
Oberrieden,56.129948136925314
Boniswil,56.097990375939375
Reigoldswil,56.07545058707879
Kemmental,56.0123141873989
Uzwil,56.00787303057652
Seon,55.989628069591646
Thalheim an der Thur,55.93740356606162
Lindau,55.89013273971049
Le Grand-Saconnex,55.81441795642241
Menziken,55.796202938464894
Boncourt,55.791565588931796
Oetwil am See,55.77410918758949
Vallorbe,55.75407003473942
Ittigen,55.71168099157063
Hasle (LU),55.7021420430685
Walkringen,55.69747760299998
Hallau,55.67331921375006
Aarau,55.6658526551356
Eich,55.66447290448417
Hermance,55.64163272721609
Buch am Irchel,55.5956682449502
Beinwil (Freiamt),55.5518314424722
Adligenswil,55.54074178654841
Buchholterberg,55.53762658887329
Genève,55.487816980023105
Maggia,55.45119275660548
Pfyn,55.41368721719357
Thônex,55.39883551361141
Arni (AG),55.39215401960691
Essertines-sur-Rolle,55.38861754216063
Scharans,55.35482698909355
Lüterswil-Gächliwil,55.33063646788586
Saxon,55.32975519721224
Arbaz,55.32228902956288
Granges (Veveyse),55.29145211744613
Entlebuch,55.27088216302268
Suhr,55.26755227750472
Urnäsch,55.24412957744321
Lumnezia,55.243621313061716
Dägerlen,55.23181019305087
Marly,55.22778225501268
Thalheim (AG),55.17899006085826
Winkel,55.178409064279
Villarzel,55.131968325803896
Ennetbaden,55.126264428533815
Oberhofen am Thunersee,55.11294498764028
Aedermannsdorf,55.106531428287354
Giebenach,55.10369296302759
Tegerfelden,55.10013381112879
Lampenberg,55.07939484494686
Herbligen,55.06218204095268
Castel San Pietro,55.05448744941391
Rain,55.043811243340265
Grancy,55.01707847571178
Zumikon,55.016702043291886
Burg im Leimental,55.00837779445318
Oberriet (SG),55.008356139485265
Bichelsee-Balterswil,54.988515355963266
Neuhausen am Rheinfall,54.987487008331534
Cama,54.97905507760618
Chavannes-près-Renens,54.96351728728978
Würenlos,54.96275366513949
Itingen,54.960765028497455
Braunau,54.943102068594676
Pfäfers,54.94308070720852
Wolhusen,54.91245514322888
Waltenschwil,54.90230212166861
Muttenz,54.89861870314959
Wattenwil,54.894456606715664
Kaisten,54.87828336213728
Arni (BE),54.87253991292321
Oppligen,54.87253991292321
Lichtensteig,54.87106046226779
Aire-la-Ville,54.86093047311254
Oberwil (BL),54.85961548113533
Rickenbach (ZH),54.84023545775703
Genolier,54.7954901647912
Val Terbi,54.79362020043355
Vérossaz,54.78520758120259
Marchissy,54.78264204925663
Täsch,54.78264204925657
Kaiseraugst,54.78058812548203
Murgenthal,54.77710489381071
Balsthal,54.77473330479692
Dielsdorf,54.77318260398238
Oberkulm,54.76526902689896
Kölliken,54.752802183014325
Rüdtligen-Alchenflüh,54.75268427748832
Riederalp,54.74188217740001
Gy,54.722802821973026
Bönigen,54.71582657343967
Egnach,54.70984061983259
La Roche,54.67933248624926
Böckten,54.655306306731276
La Chaux-de-Fonds,54.65071257649692
Niederhelfenschwil,54.647403754205165
Melchnau,54.63937155569121
Schänis,54.632473898198725
Thal,54.617663379621746
Waldenburg,54.61366990718286
Serravalle,54.608587646558924
Wittinsburg,54.59937915623111
Au (SG),54.55871668141472
Höri,54.549236451824264
Val-de-Charmey,54.51405806029519
Semsales,54.50481503787473
Le Châtelard,54.50065382076611
Courchapoix,54.49637910760793
Châtel-Saint-Denis,54.493324933835204
Saint-Martin (VS),54.47376902545504
Lauwil,54.468178624233985
Gossau (SG),54.46531991777076
Mont-Noble,54.45606104382635
La Tour-de-Peilz,54.44862724911477
Gibloux,54.417864256231425
Capriasca,54.40272402854951
Zeihen,54.40104474536685
Feusisberg,54.399420979771115
Mattstetten,54.39135404036713
Rolle,54.38671669083441
Cartigny,54.365456621093074
La Sonnaz,54.35956731890642
Saint-George,54.358780958452186
Sullens,54.34598849562316
Oberengstringen,54.34563869842647
Matran,54.336430208098825
Cressier (NE),54.30311855894373
Rothenburg,54.302224729748445
Zurzach,54.2998636077658
Cologny,54.29656230022458
Cheseaux-sur-Lausanne,54.2913105768789
Silenen,54.288896788217926
Bühler,54.286328973126196
Hundwil,54.285770565985864
Basse-Allaine,54.283912412977024
Ins,54.27618386164724
Brienzwiler,54.266564420019144
Ayent,54.26608856249659
Müllheim,54.25826989594306
Holderbank (SO),54.253295369453745
Gelterkinden,54.21981526763007
Salmsach,54.21878219134108
Reinach (BL),54.1948663773776
Brünisried,54.18854074715521
Zell (ZH),54.18180122966917
Vernier,54.15105582680142
Langenbruck,54.13842113002809
Vendlincourt,54.134146416869946
Brügg,54.11191226558186
Uitikon,54.10146705114816
Bregaglia,54.084026799742965
Flerden,54.08266084513688
Pully,54.081151024296915
Buch (SH),54.078944539119036
Hellikon,54.07457194057819
Liddes,54.0653128521791
Ammerswil,54.06271646345797
Uezwil,54.0574859271237
Bure,54.054084762425575
Porrentruy,54.04376842123805
Niederbipp,54.035617956439225
Gebenstorf,54.03410572487012
Gossau (ZH),54.02270147455796
Brütten,54.021093026872585
Albula/Alvra,54.01944569029841
Nyon,54.01452314648381
Saas-Fee,53.99629945891668
Vaulruz,53.98663011530338
Mathod,53.96129110316976
Schönenbuch,53.957117046882885
Kerzers,53.950784373918324
Bünzen,53.94534074146303
Savigny,53.93254815484975
Niederrohrdorf,53.93114400013777
Sant'Antonino,53.92851996734281
Saint-Léonard,53.92031687064894
Le Cerneux-Péquignot,53.87713456413857
Grächen,53.867648028328425
Aigle,53.86241249474617
Seuzach,53.84553720836472
Nesslau,53.807904038724104
Bettingen,53.80513026139226
Fehren,53.79407922872166
Boussens,53.78889908271503
Neuheim,53.76107094720614
Remetschwil,53.75798561155476
Full-Reuenthal,53.75320898850375
Honau,53.74136953859133
Lajoux (JU),53.740470752988216
Reichenburg,53.736211367997576
Titterten,53.72143147263027
Beinwil am See,53.72077721378413
Langnau im Emmental,53.720512462792954
Onex,53.7157591282202
Gontenschwil,53.710909941943534
Saint-Gingolph,53.69836364020802
Göschenen,53.69323098925621
Trun,53.69306412364721
Agarn,53.69137283624724
Henggart,53.68786380068277
Rüderswil,53.6755024793235
Bursinel,53.66772511151365
Le Mouret,53.667209078395416
Wil (SG),53.647924630851456
Courroux,53.64124219456362
Wettingen,53.63495361112946
Däniken,53.63000918717257
Saint-Aubin (FR),53.62802555669045
Fischingen,53.62518902983706
Böttstein,53.62510431515954
Rohrbachgraben,53.61640640538937
Icogne,53.61640640538931
Belmont-sur-Lausanne,53.613791791328694
Killwangen,53.61132047675204
Ollon,53.59481516712049
Morschach,53.58276400424854
Belmont-sur-Yverdon,53.57352362953196
Blenio,53.57102479466632
Dorf,53.56834625501399
Seelisberg,53.56606342540624
Orges,53.5643335213589
Les Genevez (JU),53.55637140733994
Quinto,53.55468011993988
Kandergrund,53.551093375950366
Stein (AG),53.550958394730245
Rumendingen,53.543660763914886
Céligny,53.54317133700038
Wichtrach,53.51209100023089
Oberbüren,53.50908797695326
Riniken,53.50128612865469
Pleigne,53.478710370850585
Vionnaz,53.456926567310006
Rapperswil (BE),53.45436802970289
Massonnens,53.442749294943326
Gampelen,53.433435862051944
Fürstenau,53.43250283050702
Andermatt,53.42890312355483
Kradolf-Schönenberg,53.42560620742586
Unterengstringen,53.42523708408061
Confignon,53.42012979405648
Starrkirch-Wil,53.41915183675287
Oberburg,53.41801630878954
Herbetswil,53.41293404816568
Onnens (VD),53.400027633974894
Kippel,53.39409053857359
Islisberg,53.393532131433076
Lüscherz,53.378600698624716
Zernez,53.37274637949457
Ramsen,53.371451551263256
Goms,53.362981296647554
Berg (TG),53.362227683630366
Schneisingen,53.35992405464147
Berg (SG),53.35641958536815
Airolo,53.34612550209244
Hölstein,53.33695133611378
Brenzikofen,53.33627632990777
Frauenkappelen,53.32583144700186
Crassier,53.32244887220193
Perroy,53.29791430451777
Bleienbach,53.29222337021008
Muotathal,53.28685439343978
Gaiserwald,53.28651837247022
Gerzensee,53.28051604501643
Stabio,53.27820259267809
Glarus Nord,53.27172878953627
Dietlikon,53.265023731738545
Bremgarten bei Bern,53.24051035106594
Büren (SO),53.231547690304104
Bussy-sur-Moudon,53.23105549190106
Lutzenberg,53.22895456331326
Uerkheim,53.220676817732894
Arboldswil,53.194138716602
Maienfeld,53.19208479282735
Coppet,53.17011228951484
Meyrin,53.16632479473506
Knonau,53.159096351888635
Ballwil,53.15883658092178
Löhningen,53.15806658460566
Läufelfingen,53.15020714982265
Adelboden,53.147106223323064
Menznau,53.14101224779691
Hergiswil (NW),53.14066542983152
Buttisholz,53.13881004831095
Günsberg,53.13482899130178
Lonay,53.131242247312194
Recherswil,53.12584998206224
Blatten,53.12158884589327
Salenstein,53.12149096051027
Männedorf,53.10154216274932
Münchwilen (AG),53.084476299828026
Orvin,53.081122630185185
Essertines-sur-Yverdon,53.064771308213466
Buus,53.05996044582682
Seegräben,53.059162603245376
Stans,53.05890545442578
Roche (VD),53.05805118453731
Fulenbach,53.05508643894752
Ferenbalm,53.05478029982003
Bannwil,53.045047726700794
Crémines,53.04271033825168
Vernayaz,53.04034404464585
Saas-Grund,53.03593679022796
Thusis,53.034441273593636
Elgg,53.03311926981363
Carouge (GE),53.02857592990686
Koblenz,53.02659575864022
Mies,53.02546964941067
Nürensdorf,53.01868668265329
Tenniken,53.0085438543195
Tschappina,53.0083769887107
Volketswil,53.00806301387911
Hemishofen,53.005789485003575
Begnins,52.995420184191936
Buchillon,52.991587402893224
Stansstad,52.99123418525249
Hausen am Albis,52.98801510185896
Aesch (LU),52.984951815321374
Gurmels,52.98010474503694
Schattdorf,52.97947801316631
Siviriez,52.97302453589658
Albinen,52.96996469677721
Chalais,52.9689573190832
Homburg,52.965829257137415
Weisslingen,52.96183440408311
Aesch (BL),52.95186709220458
Kehrsatz,52.94687537918411
Reconvilier,52.942655850206435
Châtillon (JU),52.925977945817195
Laupersdorf,52.910702590316696
Rothenfluh,52.91012546949354
Meinisberg,52.90759722791607
Waldstatt,52.90286249455544
Caslano,52.90062311527422
Sattel,52.89842079200365
Courchavon,52.89077381930455
Appenzell,52.88637085718479
Losone,52.88328139440899
Zwingen,52.88210388167625
Treycovagnes,52.87373819617789
Dänikon,52.87188004316906
Leissigen,52.869087552154824
Villeret,52.86660201177955
Kleinandelfingen,52.86494656953823
Personico,52.864743858770694
Echichens,52.86294088994264
Vinelz,52.862327298621466
Seeberg,52.85918534193812
Mümliswil-Ramiswil,52.858143823600855
Raron,52.85694861036038
Baden,52.85686452102264
Lütschental,52.84553771280398
Ursenbach,52.84348378902931
Grossdietwil,52.84219069040617
Unterlangenegg,52.83903168726051
Walliswil bei Wangen,52.83433852820728
Langenthal,52.833060143725376
Schlossrued,52.83190602586396
Grindel,52.827827083471504
Ochlenberg,52.82447341382836
Lignerolle,52.82447341382836
Varen,52.82019870067021
Lüterkofen-Ichertswil,52.80725498289882
S-chanf,52.80712542087056
Schlatt-Haslen,52.80480674610407
Fischbach,52.8015509618439
Schlatt (ZH),52.801453076461016
Steinhausen,52.799083521124786
Rechthalten,52.79637081583732
Ecublens (FR),52.794743089470984
Tannay,52.79344826123976
Aubonne,52.79252494779125
Dättlikon,52.78958165714704
Kirchlindach,52.78876114671856
Zillis-Reischen,52.78755663852929
Chamoson,52.786325872886735
Reinach (AG),52.77982649458822
Seengen,52.77647670070139
Tujetsch,52.77013558079052
La Sagne,52.76343509754756
Inkwil,52.756939595005946
Herzogenbuchsee,52.75399618057727
Calanca,52.74542804057804
Lengnau (BE),52.74129733855485
Wetzikon (ZH),52.7396997581127
Ziefen,52.73615384306738
Arlesheim,52.718158630847554
Samnaun,52.71722755720407
Niederglatt,52.716053472096135
Rothenbrunnen,52.71517363342939
Medel (Lucmagn),52.71295284404591
Péry-La Heutte,52.71181996378621
Iffwil,52.70774102139388
Hérémence,52.705059710252776
Aristau,52.70346907972417
Zäziwil,52.69802141123729
Prangins,52.69644672290264
Soubey,52.69596748746267
Avully,52.69596748746267
Untereggen,52.69205541067915
Matzendorf,52.68687526467264
Teufenthal (AG),52.68450009265875
Illgau,52.68177462189378
Bätterkinden,52.68115282809454
Hedingen,52.67682755023332
Lütisburg,52.67413959184708
Ponte Capriasca,52.66999929315915
Crésuz,52.65745731014643
Hospental,52.6537410041286
Vouvry,52.64567424801254
Kaufdorf,52.64548800544941
Bourrignon,52.642427991954925
Courgenay,52.64022253073918
Mühlau,52.63055657264088
Mervelier,52.62915894138953
Hüniken,52.629158941389456
Lostallo,52.62027578385564
Döttingen,52.618331688116605
Choulex,52.61672634344653
Wolfhalden,52.60630269814245
Senarclens,52.60345729288112
Orbe,52.597081933634456
Niederhünigen,52.5937060060791
Fideris,52.58285351566301
Boécourt,52.58216963104923
Schleitheim,52.58083514429071
Felsberg,52.57808132591702
Eichberg,52.5672657903312
Habkern,52.563186847938766
Nuvilly,52.557249752537444
Illnau-Effretikon,52.55526772172639
Quarten,52.54913887256613
Jenins,52.544176472737966
Neunkirch,52.54255025524336
Zeiningen,52.53798761087828
Aeschi bei Spiez,52.535892298968
Le Pâquier (FR),52.53209598816768
Münchenstein,52.53138604358602
Mergoscia,52.53127005854703
Mézières (FR),52.52612456841701
Crans-Montana,52.52536258819224
Crans (VD),52.52472693716592
Oberrohrdorf,52.52414009137553
Stäfa,52.5219106114364
Ependes (VD),52.51578021859807
Weiningen (ZH),52.51331868731307
Wil (ZH),52.51078288039451
Sonvilier,52.51032235863696
Kappel (SO),52.50211020776742
Meinier,52.498432225640286
Eppenberg-Wöschnau,52.496574072631354
Sagogn,52.495753562203085
Collex-Bossy,52.494784899848426
Andelfingen,52.49451705681992
Tägerwilen,52.49296050443874
Leytron,52.48631187374408
Fieschertal,52.48171826729385
Diegten,52.48110559406868
Glarus,52.47856313990526
Büsserach,52.47613716102226
Leibstadt,52.47493479898189
Horw,52.473528297184
Zell (LU),52.470731362407605
La Sarraz,52.47030072249224
Bürglen (TG),52.46982280989712
Therwil,52.4683895314518
Bever,52.46566060147091
Bedano,52.46452772121133
Ottenbach,52.461919468244815
Schmiedrued,52.45929058300876
Kleinlützel,52.45630362768911
Zuzwil (BE),52.456303627689095
Puplinge,52.45507563353506
Rougemont,52.45471022567194
Oberdiessbach,52.45446141687392
Haute-Sorne,52.45356940230122
Trimbach,52.452959376779496
Gündlischwand,52.44985839169074
Siselen,52.4445300937579
Langrickenbach,52.44305051931776
Conters im Prättigau,52.44257405536617
Scheuren,52.44175089723428
Assens,52.43699959633958
Agno,52.429350026527
Stalden (VS),52.4258823549315
Servion,52.422753078712354
Gordola,52.41842083773906
Oberhallau,52.4139792589721
Valsot,52.41212110596322
Unterschächen,52.407319662309995
Chevilly,52.400905979172435
Castaneda,52.400905979172435
Rheinau,52.39663126601432
Heiden,52.392270193584785
Gais,52.39218968724739
Ossingen,52.39171587099937
La Praz,52.38727429223239
Sembrancher,52.38355798621474
Maisprach,52.38355798621464
Münchenwiler,52.366572629631285
Oberems,52.36620999325675
Subingen,52.364958998969534
Eriz,52.36193528009861
Guttet-Feschel,52.360272897855566
Damphreux-Lugnez,52.35294094269136
Acquarossa,52.35088701891667
La Punt Chamues-ch,52.34359991110363
Oberwil bei Büren,52.34299388512358
Coinsins,52.34277940067532
Richterswil,52.339989855644774
Sargans,52.327914300388706
La Chaux (Cossonay),52.32760193055757
Gersau,52.32736347180141
Les Ponts-de-Martel,52.32202747153095
Menzingen,52.32017209001046
Sâles,52.31794852913871
Freienstein-Teufen,52.31701696262159
Haute-Ajoie,52.312837363357936
Berlingen,52.31158258862536
Avry,52.29951527476077
Wyssachen,52.29512673402545
Sennwald,52.29061696319104
Yvorne,52.28955227499878
Lamone,52.283918254479815
Oulens-sous-Echallens,52.28371583646897
Cadempino,52.28146861525682
Buochs,52.279324524245375
Galgenen,52.27621133146933
Val Müstair,52.275024371751705
Bioggio,52.266002435647934
Arth,52.26498030152052
Marbach (SG),52.253262887065745
Spiringen,52.2526354996997
Schangnau,52.247158926055924
Lavey-Morcles,52.2456159143668
Flums,52.24332966153804
Bedretto,52.23992485627455
Plasselb,52.23982697089169
Muri bei Bern,52.23623570412679
Wiler bei Utzenstorf,52.230538977335804
Rünenberg,52.22630911152867
Gurtnellen,52.2203560739332
St. Silvester,52.220299576685946
Rüeggisberg,52.214585844140835
Ormont-Dessus,52.21312865139722
Wiliberg,52.21236505475736
Brüttelen,52.21180000037185
Bogis-Bossey,52.204848353383866
Balerna,52.19898432276371
Steg-Hohtenn,52.19605470438005
Elsau,52.19215427749271
Villars-sous-Yens,52.189905896018885
Rohrbach,52.18937639403532
Coeuve,52.18794985762711
Sommeri,52.186120609775074
Innertkirchen,52.18230641837451
Soyhières,52.179889858225174
Saint-Blaise,52.179527221850385
Bettwiesen,52.17157809236487
Abtwil,52.17069975005218
Gurbrü,52.160683712258454
Regensberg,52.160683712258454
Wünnewil-Flamatt,52.15757607992457
Le Landeron,52.15366412692523
Cugnasco-Gerra,52.152274872527386
Brione sopra Minusio,52.14184020266636
Verzasca,52.141477566291755
Corcelles-le-Jorat,52.12820851572634
Hermrigen,52.12775064167253
Schöfflisdorf,52.126908769857764
La Chaux-du-Milieu,52.126350362717474
Villars-Epeney,52.126350362717425
Santa Maria in Calanca,52.126350362717425
Isenthal,52.12449220970857
Eschert,52.12412957333388
Schwanden bei Brienz,52.12241069384348
Obersaxen Mundaun,52.12218583657096
Altendorf,52.12116842190761
Lens,52.12107712518068
Huttwil,52.12082617023411
Oeschgen,52.11710998800108
Warth-Weiningen,52.110860522768384
Eggerberg,52.10770262389113
Jouxtens-Mézery,52.10372433837005
Arnex-sur-Nyon,52.10306527435832
Tresa,52.10270528568758
Thürnen,52.09925108295758
Poschiavo,52.09670954688989
Wäldi,52.09645859194345
Ausserberg,52.091752262184635
Rueyres,52.087938070784
Ingenbohl,52.08737301639828
Riva San Vitale,52.086738981786944
Ferden,52.086079917775145
Lavigny,52.085995828437326
Sisikon,52.08571728140046
Malters,52.08449643604615
Röschenz,52.07797229953368
Oetwil an der Limmat,52.074404269226925
Bursins,52.06873192481727
Eriswil,52.06754877801433
Fahy,52.06687377180843
Molondin,52.06455509704194
Altstätten,52.06333578292314
Aeugst am Albis,52.06087046766956
Pomy,52.05665808749233
Gingins,52.05522979990549
Alpthal,52.05177416032441
Bergün Filisur,52.05044682236555
Safiental,52.05034628927918
Mauraz,52.04952577885057
Mellikon,52.04952577885057
Tschugg,52.04952577885057
Nenzlingen,52.04916314247597
Dallenwil,52.04530626308533
Koppigen,52.04236020095239
Bettenhausen,52.03615884290216
Andwil (SG),52.035994748782024
Himmelried,52.0359919772935
Kloten,52.035783649848895
Cugy (FR),52.03416550092986
Rochefort,52.032093696555016
Wollerau,52.025093059601254
Mühleberg,52.02423703325998
Oberdorf (BL),52.02394961442156
Degersheim,52.01521626402454
Arnex-sur-Orbe,52.01519242930954
Iseltwald,52.01333427630068
Vezia,52.009645562373166
Aeschi (SO),52.00809713809799
Nuglar-St. Pantaleon,52.006930011896614
Häfelfingen,52.00192337874414
Aesch (ZH),52.001456209741384
Courgevaux,52.000743493671365
Penthéréaz,51.998569709101
Beinwil (SO),51.99784443635174
Lauerz,51.993765493959216
Seltisberg,51.98954104734427
Sempach,51.98937418173574
Fey,51.98926791949982
Blauen,51.98421274941164
Cazis,51.98396584302559
Vechigen,51.977520499418574
Speicher,51.97531270778088
Ergisch,51.97492198436725
Champvent,51.97233855860918
Neckertal,51.96253485911487
Marthalen,51.96155504841883
Novalles,51.959432144418315
Schelten,51.959432144418315
La Brévine,51.959432144418315
Valeyres-sous-Ursins,51.959432144418315
Chavannes-sur-Moudon,51.959432144418315
Diepflingen,51.95896220392707
Rongellen,51.95757399140941
Fällanden,51.95187682639775
Beckenried,51.94792600918263
Mönthal,51.94430494084394
Rüfenach,51.94394230446944
Rumisberg,51.94012811306866
Bardonnex,51.93950072570254
Vugelles-La Mothe,51.93836784544274
Innerthal,51.93836784544269
Samedan,51.93496390925635
Jenaz,51.933406977737185
Schönholzerswilen,51.929079851886755
Grub (AR),51.9269569478862
Laax,51.92681131987899
Plateau de Diesse,51.92654669267209
Bavois,51.92519143544296
Eclépens,51.925098794877286
Villars-le-Comte,51.92509879487727
Eischoll,51.92343641263413
Petit-Val,51.92287800549373
Wittnau,51.92133222231613
La Côte-aux-Fées,51.92092196710198
Hüttlingen,51.92045479809932
Boltigen,51.91879906310142
Tuggen,51.9174343495728
Puidoux,51.91643276949529
Hasle bei Burgdorf,51.91481092882858
Dardagny,51.91405053369536
Bürchen,51.913587240449424
Brunegg,51.912388151452134
Cottens (FR),51.91033422767759
Nidau,51.90960895492847
Obermumpf,51.90700946319117
Lauenen,51.90693029149108
Savosa,51.90248871272407
Bowil,51.901813706518205
Felben-Wellhausen,51.900054415577216
Bühl,51.896898311503186
Hautemorges,51.89075879809129
Masein,51.88963921232166
Movelier,51.88890729232734
Unterramsern,51.88854465595269
Bercher,51.88808413419519
Romont (BE),51.886882273709624
Presinge,51.88668650294386
Curtilles,51.886686502943846
Blumenstein,51.88651963733499
Moutier,51.88480191810655
Metzerlen-Mariastein,51.88240514254058
Wisen (SO),51.87802047756195
Rothenthurm,51.875774743791865
Jonschwil,51.87409245858436
Seftigen,51.87295464747489
Grandfontaine,51.86924062460309
Amlikon-Bissegg,51.86785956088523
Liedertswil,51.86748035697714
Teuffenthal (BE),51.86748035697714
Oppens,51.86748035697714
Oberbalm,51.86748035697714
Wiggiswil,51.86748035697714
Riemenstalden,51.86748035697714
Busswil bei Melchnau,51.86748035697714
Ueberstorf,51.86525956759351
St. Niklaus,51.863401414584864
Mägenwil,51.86287288928657
Givrins,51.86154326157584
Gryon,51.85975311210769
Breggia,51.85662786656101
Buchrain,51.85411585897585
Bedigliora,51.85235315340282
Grône,51.84946277700595
Avers,51.84863684738506
Wileroltigen,51.84827421101042
Meienried,51.84827421101042
Seehof,51.84827421101042
Les Planchettes,51.84827421101042
Wassen,51.84827421101042
Linescio,51.84827421101042
Roches (BE),51.84827421101042
Guttannen,51.84827421101042
Eisten,51.84827421101042
Sergey,51.84827421101042
Saules (BE),51.84827421101042
Saxeten,51.84827421101042
Embd,51.84827421101042
Mont-Tramelan,51.84827421101042
Sufers,51.84827421101042
Rebévelier,51.84827421101042
Pohlern,51.84827421101042
Miglieglia,51.84827421101042
Rüti bei Lyssach,51.84827421101042
Zwischbergen,51.84827421101042
Finhaut,51.84827421101042
Neggio,51.84827421101042
Pierrafortscha,51.84827421101042
Simplon,51.84827421101042
Bister,51.84827421101042
Le Bémont (JU),51.84827421101042
Syens,51.84827421101042
Rossinière,51.84827421101042
Cerentino,51.84827421101042
Les Enfers,51.84827421101042
Berken,51.84827421101042
Dompierre (VD),51.84827421101042
Horrenbach-Buchen,51.84827421101042
Rivaz,51.84827421101042
Romanel-sur-Morges,51.84651394338439
Mettembert,51.846416058001516
Cressier (FR),51.84455790499256
Turtmann-Unterems,51.843930517626234
Hauenstein-Ifenthal,51.832118659804465
Leuk,51.830285043322384
Obergerlafingen,51.82916595042667
Allaman,51.82906806504369
Chavannes-des-Bois,51.821066522865976
Biezwil,51.821010837130274
Ufhusen,51.81647402068422
Oberwil im Simmental,51.81198482307761
Yverdon-les-Bains,51.80737605815323
Treiten,51.806820619265125
Grono,51.80190257654626
Doppleschwand,51.79775155266444
Utzenstorf,51.79756909620717
Zullwil,51.795409721708495
Trachselwald,51.79473471550268
Zielebach,51.79473471550267
Ferrera,51.79473471550267
Chavannes-de-Bogis,51.79051026888757
L'Abergement,51.78869973471848
Bois-d'Amont,51.788627171492095
Lully (FR),51.78599988426994
Wittenbach,51.78298501628656
Attiswil,51.78079995368021
Laconnex,51.777386722544904
Gsteigwiler,51.77738672254488
Auboranges,51.775528569535965
Suscévaz,51.77552856953596
Hohentannen,51.77490118216975
Farnern,51.774657792564184
Bettlach,51.77391034691673
Gottlieben,51.77367041652706
Mellingen,51.77031662309926
Kriegstetten,51.76858684283662
Baltschieder,51.766366053453204
Altbüron,51.763451960722485
Vuiteboeuf,51.7563224235693
Mauborget,51.75632242356925
Corcelles (BE),51.756322423569245
Ederswiler,51.756322423569245
Oberthal,51.756322423569245
Bischofszell,51.75543310729004
Prévonloup,51.75224348117694
Pontresina,51.74796212077345
Celerina/Schlarigna,51.73933706698602
Rossa,51.73897443061146
Buseno,51.73711627760253
Vaulion,51.73711627760253
Binn,51.73711627760253
Oeschenbach,51.73711627760253
Graben,51.737018392219646
Vinzel,51.736753641227985
Laufen,51.73643012305557
Bellwald,51.73489548821899
Rütschelen,51.73303733521022
Obfelden,51.72927772527661
Croy,51.72782828404662
Zwieselberg,51.726068016420626
Düdingen,51.72355438240051
Gravesano,51.72343697182307
Arogno,51.72004683168152
Bourg-Saint-Pierre,51.719768284644736
Krattigen,51.719768284644736
Guggisberg,51.71967039926186
Niederried bei Interlaken,51.7185851378417
Veysonnaz,51.71837065339336
Merzligen,51.71791013163583
Ballens,51.717812246252926
Les Verrières,51.715954093244015
Schlierbach,51.71125318267757
Salgesch,51.711081874561586
Dozwil,51.71057817647162
Ogens,51.7086221380799
Randa,51.70377030409872
Reisiswil,51.7027829280615
Höchstetten,51.7027829280615
La Ferrière,51.70242029168694
Perrefitte,51.702057655312316
Homberg,51.70056213867803
Mollens (VD),51.70056213867803
Treytorrens (Payerne),51.70056213867803
Saint-Brais,51.698606100286206
Olsberg,51.69783320869734
Werthenstein,51.693721068850145
Gsteig,51.69313229813087
Penthaz,51.69127149741843
Erlenbach (ZH),51.68780041719752
Trüllikon,51.68755783910431
Eptingen,51.68729308811255
Geltwil,51.68574730493488
Ipsach,51.68569968609541
Madulain,51.68357678209479
Sachseln,51.683171353843214
Nusshof,51.681258107328354
Oberiberg,51.68017284590835
Avusy,51.67614417005925
Büttenhardt,51.67438667392178
Bachs,51.673825495292796
Bättwil,51.67173426793746
Duggingen,51.666698729628045
Sutz-Lattrigen,51.66600542628066
Interlaken,51.66153778754585
Obergoms,51.660919081102016
Ponthaux,51.65962875396707
Uznach,51.6527024291363
Heimiswil,51.65249921681407
Balgach,51.65144914881979
Saas-Balen,51.64888079617912
Deisswil bei Münchenbuchsee,51.64888079617912
Mesocco,51.64733501300156
Sauge,51.64656212141276
Démoret,51.64516449016136
Greng,51.644293713189654
Cevio,51.6413502987606
Stettfurt,51.63587649660527
Juriens,51.6337535926048
Buttwil,51.630869863452766
Kandersteg,51.63030203757876
Lavizzara,51.62967465021241
Hofstetten bei Brienz,51.629576764829544
Wölflinswil,51.62817913357822
Bofflens,51.62771861182067
Erlach,51.62446282756032
Jens,51.62322941421402
Gisikon,51.62214027703728
Wila,51.62038665665658
Boppelsen,51.6106642750114
Oberhünigen,51.610468504245695
Kammersrohr,51.610468504245695
Premier,51.610468504245695
Lovatens,51.610468504245695
Grangettes,51.610468504245695
Campo (Vallemaggia),51.610468504245695
Ormalingen,51.609748650688566
Liesberg,51.608610351236855
Schwadernau,51.608610351236855
Tecknau,51.60742720443382
Selzach,51.60621911324437
Duillier,51.60313654908153
Niederhasli,51.60181544182675
Bargen (SH),51.60147416683838
Troistorrents,51.5999571650331
Spreitenbach,51.59978287943849
Vernate,51.59534130067146
Fräschels,51.59534130067137
Brienz (BE),51.59507426653419
Villars-Sainte-Croix,51.59421119190026
Saint-Livres,51.59379551749377
Hagneck,51.59075421768189
Wiler (Lötschen),51.5902273634023
Walzenhausen,51.58847651450993
Court,51.587279506466295
Witterswil,51.58721450223965
Belprahon,51.58667527528951
Niedermuhlern,51.583930403114806
Massagno,51.58149727543199
Amsoldingen,51.57871858046276
Stocken-Höfen,51.574589371527075
Billens-Hennens,51.57340622472406
Freienbach,51.572557064208375
Sorvilier,51.570560695678054
Bonvillars,51.57010017392054
Benken (ZH),51.55812145048992
Ligerz,51.556929008737946
Hochfelden,51.55670564588167
Wenslingen,51.5549729703462
Lengnau (AG),51.554089022668684
Les Clées,51.55321270272019
Grandson,51.54527215984413
Belfaux,51.54341379707848
Reutigen,51.541997575929315
Prilly,51.54180180516356
Muntogna da Schons,51.5415370541721
Mandach,51.54067557214908
Oberried am Brienzersee,51.53762497738835
Boulens,51.529882767010065
Riedholz,51.52678781513973
Soazza,51.52518573220018
Lungern,51.521100142562716
Schinznach,51.5193848460725
Feldbrunnen-St. Niklaus,51.51788225217501
Maschwanden,51.51656067841277
Villarsel-sur-Marly,51.51656067841277
Leuzigen,51.50607747161648
Törbel,51.503389513230196
Mülligen,51.503389513230196
Häutligen,51.49931057083781
Wachseldorn,51.49931057083781
Chavannes-le-Chêne,51.49755030321185
Champoz,51.497452417828974
Grengiols,51.49735453244607
Beurnevésin,51.49735453244606
Bosco/Gurin,51.49735453244606
Chamblon,51.49735453244606
Schmitten (GR),51.49735453244606
Gland,51.493088495799874
Aegerten,51.48997495844218
Staldenried,51.482637584085886
Hirschthal,51.48025472294622
Ebikon,51.479868249261074
Saas-Almagell,51.478148386479354
Winznau,51.47778839780842
Mörigen,51.46978808368353
Martigny,51.46941612111977
Ersigen,51.467873016886216
Wengi,51.463119068287924
Prévondavaux,51.46275643191329
Bolligen,51.46162355165384
Rheinwald,51.460752774681865
Schattenhalb,51.4585796041379
Zuzwil (SG),51.45552992747279
Walliswil bei Niederbipp,51.44762922833897
Leutwil,51.44603582632177
Lalden,51.44318764957182
Clarmont,51.44169213293774
Strengelbach,51.435763228216985
Madiswil,51.43574174304602
Rehetobel,51.43442251075407
Lostorf,51.43356461833783
Turgi,51.4282562167634
Wald (AR),51.42460889097162
Onsernone,51.424608890971605
Anwil,51.42287621543595
Habsburg,51.42284862334558
Rodersdorf,51.42113597455933
Mosnang,51.418968223207514
Seewen,51.41696191827241
Le Chenit,51.410879194863796
Fiesch,51.40957957278018
Grens,51.40921693640554
Dittingen,51.40885430003099
Bretonnières,51.40772141977127
Hemmiken,51.4055006303878
Bäriswil,51.404632501119785
Pollegio,51.4014216879954
Torny,51.399156051260576
Rüschlikon,51.39633811430495
Gunzgen,51.39512737541157
Martigny-Combe,51.3923432612503
Balm bei Günsberg,51.390010790438836
Inden,51.39001079043883
Trey,51.38991290505593
Ferpicloz,51.38950264984175
Grellingen,51.38800713320723
St. Stephan,51.38696949062697
Lumino,51.38180805830285
Flühli,51.38021453250099
Mels,51.37964874713902
Biel/Bienne,51.37821126408822
Lohn-Ammannsegg,51.37442571281048
Lauterbrunnen,51.37329018484738
Corcelles-près-Concise,51.37302543385568
Leukerbad,51.369309127837845
Wildberg,51.36776334466031
Truttikon,51.36735308944606
La Rippe,51.36177863041937
Denens,51.3597563832902
Sainte-Croix,51.35598981072901
Oberdorf (NW),51.35594219188953
Montpreveyres,51.35418192426353
Cheseaux-Noréaz,51.353721402506096
Burtigny,51.35345665151433
Fontenais,51.35232377125469
Cornaux,51.35196113488005
Roggenburg,51.349642460113664
Valbirse,51.343502946701044
Zeglingen,51.3364712949311
Schwarzhäusern,51.33637340954819
Orselina,51.335963154334
Kienberg,51.33374236495053
Fahrni,51.330924427994766
Astano,51.33089683590442
Untersiggenthal,51.327684227976825
Bachenbülach,51.32439468611763
Etagnières,51.3211772257479
Wangen-Brüttisellen,51.319474913791474
Aranno,51.318615161376144
Hermenches,51.31675700836729
Novaggio,51.315769632330166
Meikirch,51.31534078721801
Alchenstorf,51.31530911057264
Oberhof,51.31453621898375
Trient,51.31345095756372
Bullet,51.3133254800905
Zuzgen,51.30541855025214
Remaufens,51.30532769528785
Vals,51.29791349877516
Wohlenschwil,51.29733373024869
Ulmiz,51.29656348636338
Bioley-Magnoux,51.296479397025585
Chavannes-le-Veyron,51.29583821361426
Sils im Engadin/Segl,51.2908911419538
Ferreyres,51.28628546906646
Magden,51.284733529771614
Kesswil,51.283244169254516
Signau,51.28025313598611
Malans,51.27978331927965
Landiswil,51.27875497164805
Bissone,51.27663206764755
Tamins,51.276367491030705
Schiers,51.275255994546434
Radelfingen,51.27443708215719
Altdorf (UR),51.273321784048846
Muzzano,51.27327888634684
Zweisimmen,51.270694972246176
Pont-la-Ville,51.267706710466136
Unteriberg,51.26621119383173
L'Isle,51.26522117009091
Gächlingen,51.264339244777794
Bournens,51.26336301708214
Fischenthal,51.26146001672206
Berolle,51.25954882568133
Morges,51.253553086883244
Teufen (AR),51.25302772895794
Champtauroz,51.25158948315081
Tartegnin,51.25118852288557
Valeyres-sous-Rances,51.24478425848166
Brusio,51.24268894657142
Rafz,51.24131953274984
Saint-Imier,51.238727916310985
Oltingen,51.238484526705605
Payerne,51.23600982471458
Hallwil,51.22861676462298
Oftringen,51.22798641959627
Paudex,51.22666337393504
Dully,51.22376757834554
Aclens,51.22258443154264
Realp,51.22217417632832
Wangenried,51.220726278533725
Schafisheim,51.218029515440605
Fontaines-sur-Grandson,51.2096780173518
Brusino Arsizio,51.207965368565326
Féchy,51.20745722796825
Lauperswil,51.20523643858466
Cheyres-Châbles,51.2041062060286
Walterswil (BE),51.202293024155836
Val-de-Travers,51.20109670664703
Bonfol,51.198702195611254
Altikon,51.198576718137986
Bellikon,51.19831196714647
Château-d'Oex,51.19425882864718
Falera,51.19366797036845
Val Mara,51.19276836664689
Dalpe,51.19275407565328
Sévaz,51.19061737560752
Wartau,51.19057628022838
Romoos,51.186538433215276
Kilchberg (BL),51.186538433215134
Lützelflüh,51.17970968779858
Saicourt,51.178442881411115
Val-d'Illiez,51.17758498899478
Mirchel,51.17622209202756
Obersiggenthal,51.17400845144406
Rances,51.17326938264966
Deitingen,51.173269382649586
Biberstein,51.17184809105842
Centovalli,51.17177386601546
Montagny-près-Yverdon,51.16904493603483
Mont-la-Ville,51.16666270023485
Sursee,51.16664606936646
Aefligen,51.165937427485574
Ronco sopra Ascona,51.16573888523133
Wintersingen,51.165603696267574
Brislach,51.16255338765765
Giornico,51.15777954270077
Estavayer,51.155630206872246
Vufflens-le-Château,51.153993438339214
Epsach,51.152469834665844
Kernenried,51.15107220341447
Meltingen,51.14947615369356
Känerkinden,51.148176407825005
Montfaucon,51.14798063705927
Einsiedeln,51.146363152515605
La Neuveville,51.14451049213534
Endingen,51.13980126710369
La Brillaz,51.139243485302444
Nebikon,51.13921180865712
Jaun,51.1343489501193
Heiligenschwendi,51.13299893770747
Noville,51.13295131886789
Melide,51.131815790904504
Champagne,51.129645268064245
Buchegg,51.120817796265825
Laufenburg,51.1200222368303
Muntelier,51.119947019294045
Perly-Certoux,51.11964579780406
Hilterfingen,51.118165390281916
Bäretswil,51.117151880576216
Cugy (VD),51.1162307132762
Affoltern im Emmental,51.11601358112417
Urtenen-Schönbühl,51.11416472306417
Cormoret,51.11405754273242
Le Lieu,51.11193463873184
Surses,51.111885101304054
Willadingen,51.111836753348925
Concise,51.106360668047714
Magliaso,51.10320325751304
Prez,51.10090824049074
Oberlangenegg,51.09644479878288
Triengen,51.09611573148118
Hubersdorf,51.0948513967657
Röthenbach im Emmental,51.09448876039115
Därligen,51.09222035216797
Russin,51.09113509074794
Greppen,51.08911284361864
Auswil,51.0843681899693
Büetigen,51.081513365974295
Collonges,51.07982207857441
Wimmis,51.07753508045322
Hauterive (NE),51.07723865281603
Comano,51.07712697138795
Gondiswil,51.07337684257589
Bergdietikon,51.07279667418906
Grancia,51.071928944781234
Wilderswil,51.07134833451748
Flumenthal,51.0669223116286
Märstetten,51.06568261559481
Hünenberg,51.063871593083256
Luthern,51.06211144924169
Villmergen,51.05850105528249
Muralto,51.057211996421046
Mutrux,51.05689962658982
Chevroux,51.05583752135918
Chapelle (Glâne),51.054316200831764
Walperswil,51.05349569040331
Echarlens,51.04698424566744
Courtételle,51.04677905616788
Horriwil,51.045404639695526
Lantsch/Lenz,51.04167453763257
Niedergösgen,51.03969971257888
Baulmes,51.03882636088282
Lyssach,51.03882636088267
Grandevent,51.03646006727682
Villigen,51.03516032140822
Herrliberg,51.034027564933034
Dietwil,51.03284441813042
Enges,51.028872656069794
Moiry,51.02396390830016
Visperterminen,51.023963908300146
Ursins,51.021743118916596
Orzens,51.021743118916596
Gonten,51.0211433236407
Stadel,51.020660505200254
Mex (VD),51.018026812898874
Bottmingen,51.015586119874996
Ennetmoos,51.01470207575281
Suchy,51.01303231916292
Villnachern,51.012912875629766
Hauptwil-Gottshaus,51.011545607957025
Renan (BE),51.010430106743016
Brot-Plamboz,51.00299749470743
Volken,51.001139341698526
Cuarnens,51.00077670532409
Rudolfstetten-Friedlisberg,50.99558145020542
Bière,50.99477340118497
Bern,50.994707468002744
Chéserex,50.992621592027696
Rickenbach (SO),50.98704713300097
Engelberg,50.986618338479246
Münsingen,50.985582481500465
Ballaigues,50.980387412554265
Hauteville,50.976358736705066
Birsfelden,50.97584733437783
Valeyres-sous-Montagny,50.97336782722135
Langendorf,50.971147037837895
Hellsau,50.964124681016465
Furna,50.963714425802294
Reitnau,50.96210243388721
Drei Höfe,50.9611198517027
Origlio,50.960635822409756
Donneloye,50.96046141303054
Le Locle,50.959361080430924
Allmendingen,50.95612701459534
Muriaux,50.95390622521186
Les Montets,50.95068697003878
Rovray,50.94909536282505
Les Bois,50.94542932335067
Feuerthalen,50.945267375379366
Trubschachen,50.93944473289452
Mörel-Filet,50.93692086862863
Unterlunkhofen,50.93372822886135
Riddes,50.93273734301787
Widen,50.93199832481372
Bretzwil,50.93056422306429
Andeer,50.93000243040883
Ernen,50.9298892168584
Bottens,50.929226277089825
Wolfenschiessen,50.926945605665125
Freimettigen,50.917714722661906
Güttingen,50.91167309463254
Beatenberg,50.91131045825801
Chiasso,50.908512548051384
Denges,50.906882675536146
Marsens,50.90563762550573
Nods,50.90444567209651
Sumiswald,50.89768979587462
Dürrenroth,50.89731613494331
Hersberg,50.89483059456793
Giez,50.89468509034557
Isone,50.89432245397094
Moosleerau,50.89359982892553
Wildhaus-Alt St. Johann,50.89336433184096
Reute (AR),50.88430906388107
Unterägeri,50.87569956597117
Fiez,50.874770115378574
Seedorf (UR),50.8733862801724
Büron,50.871865942936225
Schluein,50.868720850206536
Buckten,50.86789153317192
Givisiez,50.8676836959688
Brissago,50.86660385374084
Affeltrangen,50.8628609415197
Densbüren,50.860859881401595
Romanshorn,50.86051199565809
Halten,50.857045690000966
Herznach-Ueken,50.85621817335125
Lenzburg,50.85090107277931
Collina d'Oro,50.84753717877786
Grandval,50.84311092817844
Pieterlen,50.84179936344181
Saint-Barthélemy (VD),50.84114559483777
Haut-Intyamon,50.84042296979205
Châtonnaye,50.84015821880072
Bärschwil,50.83598139102542
Les Breuleux,50.835571135810994
Novazzano,50.83417085685599
Fétigny,50.82353549859208
Safnern,50.8227261365048
Kappelen,50.8226647216204
Provence,50.82208495309357
Saint-Martin (FR),50.81614785769224
Avegno Gordevio,50.815553388048706
Grabs,50.81258308911556
Forst-Längenbühl,50.81063573164642
Egliswil,50.80759893293069
Grimisuat,50.80684606809099
Isérables,50.806556789254024
Raperswilen,50.80655678925397
Préverenges,50.80592275464243
Staffelbach,50.80063700510714
Gurzelen,50.79937963326129
Udligenswil,50.796376657339934
Massongex,50.79518144409976
Wald (ZH),50.793076025728475
Dizy,50.7858934505436
Kriechenwil,50.78471030374064
Chexbres,50.78388979331233
Niederönz,50.783116901723496
Steinerberg,50.779656051748525
Breil/Brigels,50.77895645724712
Ropraz,50.77836295312539
Roggliswil,50.77578494655931
Rennaz,50.775577109356114
Churwalden,50.77482072671102
Mumpf,50.77211625938116
Vaux-sur-Morges,50.77177745772139
Urmein,50.767339512545135
Därstetten,50.767049940951615
Besenbüren,50.7661791639799
Lax,50.76437127751437
Jussy,50.76361218197069
Laufen-Uhwiesen,50.7600487711413
Lohn (SH),50.75988207990776
Hägglingen,50.75886446407637
Tenero-Contra,50.758026574602646
Birwinken,50.7539423368025
Russikon,50.747697062709456
Niedergesteln,50.74697301801312
Stein (AR),50.73923406936495
Eysins,50.73757119688012
Heimenhausen,50.73612982254598
Saulcy,50.731170808232896
Rüschegg,50.72641963112294
Prato (Leventina),50.725908719037555
Bonstetten,50.72432253101571
Wuppenau,50.72251708254216
Herdern,50.722486243543536
Châtillon (FR),50.72007492821151
Chippis,50.717505298498466
Scuol,50.71297839693746
Sils im Domleschg,50.70861702584158
Weiach,50.70288438212882
Häggenschwil,50.69843350841278
Montcherand,50.6971248775304
Salvan,50.69419261804905
Ramlinsburg,50.69304593513796
Niederdorf,50.68636354684443
Steckborn,50.68530721792152
Vevey,50.680937363528685
Wegenstetten,50.67990901589727
Sorengo,50.670656574743546
Inwil,50.669939492674985
Clos du Doubs,50.669630998600276
Messen,50.65729831971733
Bovernier,50.65728963879498
Windisch,50.65526726788114
Trub,50.647998873750694
Saint-Saphorin (Lavaux),50.64763623737619
Tolochenaz,50.646217593488146
Ebnat-Kappel,50.643417035578324
Zeneggen,50.643354876972666
Hagenbuch,50.642162435220705
Meyriez,50.64189768422897
Tentlingen,50.63613010214022
Borex,50.63509245955992
Chessel,50.632098778587604
Walenstadt,50.630034331810776
Bitsch,50.62901886212856
Finsterhennen,50.627865037023646
Fläsch,50.62476682342323
Gruyères,50.62416967585094
Unterkulm,50.62325936413654
Riggisberg,50.62001564631342
Berikon,50.61777614324724
Gansingen,50.61681677584163
Oberentfelden,50.61343185957071
Dornach,50.61094127560959
Tschiertschen-Praden,50.61087968044047
Thalwil,50.608696726605245
Paradiso,50.60782680253389
Veytaux,50.606717392431136
Eiken,50.60545675885505
Collonge-Bellerive,50.604857456706014
Minusio,50.59992930464146
Ermensee,50.597574100787774
Würenlingen,50.59687329068835
Autigny,50.59182833364528
Flüelen,50.591828333645225
Tavannes,50.59098023112653
Schönengrund,50.58227558909755
St. Moritz,50.578826193432576
Eglisau,50.57827334507668
Gollion,50.576701130070816
Thörigen,50.5742348049331
Ilanz/Glion,50.5716833485766
Ascona,50.56642840818134
Anniviers,50.56632282199618
Flaach,50.56574810656816
L'Abbaye,50.563842334719645
Möriken-Wildegg,50.56378929668772
Goumoëns,50.56198682941448
Bargen (BE),50.557800706690365
Neftenbach,50.555450785296394
Twann-Tüscherz,50.54854843991152
Eschlikon,50.54845315164209
Corbeyrier,50.54794223955651
Ellikon an der Thur,50.54696151076463
Schupfart,50.54685697813644
Merishausen,50.54154678175887
Evionnaz,50.539061729726306
Loveresse,50.535913249582535
Benken (SG),50.528724945248435
Welschenrohr-Gänsbrunnen,50.52811800117235
Weesen,50.524032411534904
Leuggern,50.52268252290796
Sigriswil,50.5211285993976
Knutwil,50.520065150570524
Rottenschwil,50.51995395748501
Vallon,50.50849833826118
Rickenbach (BL),50.50844468620299
Hefenhofen,50.50828446783969
Penthalaz,50.50482626556814
Bettwil,50.50472838018525
Wangen (SZ),50.50467067100063
Uesslingen-Buch,50.504365743810645
Adliswil,50.503883049154595
Tobel-Tägerschen,50.503595499925474
Alberswil,50.50048274655906
Orny,50.49753928153978
Eggenwil,50.49662353343233
Dierikon,50.49589826068296
Ried-Brig,50.4931001537124
Hofstetten-Flüh,50.492425518645305
La Baroche,50.48996116528167
Erlenbach im Simmental,50.48846564864742
Oberweningen,50.48743403928576
Rüttenen,50.485773189164846
Corgémont,50.48035803040626
Grandvillard,50.47968579568864
Chardonne,50.47524193377563
Schmerikon,50.47044264948378
Oberbuchsiten,50.46967240559879
Vulliens,50.46801014714048
Poliez-Pittet,50.46153996014909
Bremblens,50.454277803328885
Niederbuchsiten,50.44952927392281
Zollikon,50.44452916423098
Wagenhausen,50.43869007799703
Beggingen,50.43802436674013
Daillens,50.43739310361713
Wynigen,50.43569904472845
Büren an der Aare,50.43384089171971
Ried bei Kerzers,50.433115618970376
Birmenstorf (AG),50.43015267274076
Montilliez,50.42733874193286
Agiez,50.426613469183486
Eggersriet,50.42393930684225
Wilchingen,50.42392273930894
Rossenges,50.42143997042202
Ringgenberg (BE),50.41772366440441
Heitenried,50.414224490538736
Lavertezzo,50.413344418617974
Morrens (VD),50.41049236611146
Chigny,50.40807303447372
Wald (BE),50.39878226942932
Schwerzenbach,50.39632795213917
Saint-Oyens,50.3855132188639
Bottenwil,50.38524846787225
Rorschach,50.384163009687924
Safenwil,50.38165499162323
Siblingen,50.377551279219944
Herisau,50.37507229384348
Meisterschwanden,50.372412828710736
Bolken,50.37214893061912
Hochwald,50.37021735487763
Bougy-Villars,50.36078023271009
Dachsen,50.360105226504146
Neunforn,50.3560262841117
Flims,50.352520463001014
Villorsonnens,50.345999723316204
Dottikon,50.34273622091018
Derendingen,50.33982624453107
Attinghausen,50.33197637105979
Jaberg,50.33134633598993
San Vittore,50.331200831767354
Diessenhofen,50.32824164951946
Eggiwil,50.32776930349055
Krauchthal,50.32112123294017
Davos,50.31921137942111
Rubigen,50.318632102958304
Römerswil,50.31426574172752
Epalinges,50.3142652192573
Sonceboz-Sombeval,50.31390913857151
Uster,50.31259530274748
Romainmôtier-Envy,50.31201852051553
Schötz,50.306993348055215
Etoy,50.30311417597034
Hasliberg,50.30097025933362
Küblis,50.30089338658699
Belmont-Broye,50.30061690627891
Gals,50.296974662558256
Bussnang,50.291551126946196
Porza,50.28931579779653
Wynau,50.288112449869345
Walterswil (SO),50.28767195486137
Mauensee,50.287565568840655
Urdorf,50.278579535306555
Cademario,50.27776851659154
Lussery-Villars,50.27729869988502
Täuffelen,50.26950067998666
Saignelégier,50.26511755844328
Longirod,50.260748419117974
Kiesen,50.260165067590776
Montet (Glâne),50.260146084164646
Courtedoux,50.258624215262614
Tévenon,50.25810899766731
Klingnau,50.2569623213625
Wasterkingen,50.25210783967741
Ménières,50.24263018227501
Lüsslingen-Nennigkofen,50.241369176838404
Missy,50.237498071649206
Murten,50.22412436467116
Glattfelden,50.221794661417064
Roveredo (GR),50.22146055636002
Surpierre,50.220625263999445
Zetzwil,50.21872047803797
Champéry,50.200982256615255
Lengwil,50.19736782492666
Berg am Irchel,50.19530991220568
Oberbipp,50.19401293782574
Alto Malcantone,50.19195624256254
Linden,50.19154598734831
Fischbach-Göslikon,50.190877014361085
Visp,50.1876355815833
Basadingen-Schlattingen,50.183708736054825
Dagmersellen,50.1832867004001
Cornol,50.17293879009838
Kallern,50.170992600458355
Kappel am Albis,50.16893202943859
Uttwil,50.16296019314666
Montricher,50.15907079081627
Luins,50.158345518066916
Zizers,50.154616091933924
Vullierens,50.15447441287781
Trimmis,50.14677040260528
Vorderthal,50.146283449019485
Berneck,50.13486065940045
Jorat-Menthue,50.13219388802559
Buchberg,50.130484996614705
Bassins,50.13037331518659
Vacallo,50.12963689409578
Uetendorf,50.12761666933109
Uttigen,50.12245973810336
Châtel-sur-Montsalvens,50.12034348134775
Oberglatt,50.119573237462546
Heimberg,50.10869363669268
Thurnen,50.1049515267814
Oberembrach,50.09386494170911
Pompaples,50.09354062922504
Rüdlingen,50.092777032585204
Grandcour,50.09277038534022
Develier,50.08500272902027
Siglistorf,50.084151978797884
Klosters,50.080893546833984
Leysin,50.079355830552174
Niederwil (AG),50.07930279252044
Lenk,50.07666337106953
Kallnach,50.071870180484815
Holziken,50.06773167660033
Bretigny-sur-Morrens,50.0676271439721
Trasadingen,50.06675636700055
Lussy-sur-Morges,50.05698649030069
Dotzigen,50.05391875866023
Walchwil,50.05058887314156
Rickenbach (LU),50.04553714506875
Birrwil,50.04388744328946
Lotzwil,50.03353551301786
Vufflens-la-Ville,50.03034822064087
Termen,50.02595980558941
Kerns,50.025894601399564
Dürnten,50.02410381004233
Echandens,50.02276961604019
Terre di Pedemonte,50.012525421537525
Hittnau,50.011816592537514
Lupsingen,50.00732074768613
Manno,50.00402676331963
Faoug,49.99628781467145
Saanen,49.994793145317715
Müntschemier,49.9909098642217
Augst,49.9792914940199
Bottighofen,49.969029555913934
Bettmeralp,49.96845722894368
Niederbüren,49.96491303335185
Wolfwil,49.96089237380863
Affoltern am Albis,49.960324790100294
Rümlingen,49.95565984847735
Bubendorf,49.95398644167745
Luterbach,49.94826370694001
Neuenhof,49.94684340123565
Vico Morcote,49.942014365492064
Pura,49.93866069584873
Meiringen,49.93113910706297
Saubraz,49.929732567179094
Ehrendingen,49.92775435588891
Oensingen,49.92392094925093
Hüntwangen,49.92104795189929
Seewis im Prättigau,49.91632701458366
Muhen,49.91422893118477
Diessbach bei Büren,49.91383247201604
Hergiswil bei Willisau,49.91381208731483
Bellevue,49.89776298732484
Oberägeri,49.89698701429045
Vich,49.89225073749433
Gommiswald,49.891812203904905
Canobbio,49.89060042168845
Trin,49.88830620957212
Wahlen,49.864904017997034
Cuarny,49.86221254440175
Silvaplana,49.86046607282108
Bürglen (UR),49.853781531772434
Henniez,49.8501604634338
Härkingen,49.849905925486986
Coldrerio,49.846107324934636
Grosshöchstetten,49.841001578345804
Ormont-Dessous,49.83648429370045
Mont-sur-Rolle,49.82565840547726
Rüti bei Büren,49.82564460943215
Steinach,49.82424657832068
Vilters-Wangs,49.82356594316606
Schwellbrunn,49.82172588540325
Altishofen,49.81667586620593
Studen (BE),49.81469472197562
Schenkon,49.81283656896666
Burgistein,49.80875990972026
Nottwil,49.80546192581282
Schwarzenberg,49.80424576112092
Corsier-sur-Vevey,49.799856601652415
Vucherens,49.79117607092738
Evilard,49.78440994464207
Vuarrens,49.77516562897313
Stettlen,49.76694091011188
St. Gallen,49.76057450945218
Egerkingen,49.75835675493941
Ettiswil,49.75640078952716
Wiedlisbach,49.755167376180886
Cronay,49.75463164349314
Luzein,49.748617607554145
Zermatt,49.73926450952923
Arosa,49.73911327615738
Bellmund,49.730968822859865
Schnottwil,49.72966691763047
Stein am Rhein,49.724815083649226
Hüttwilen,49.716178137799325
Faido,49.71608056638405
Künten,49.712015849789914
Lupfig,49.70958273342033
Vordemwald,49.708005471082515
Tübach,49.70117000661941
Domleschg,49.69783913521378
Bas-Intyamon,49.69670983795438
Tägerig,49.696182196618096
Goldach,49.688115266127085
Reichenbach im Kandertal,49.66751991635229
Seedorf (BE),49.66379992355808
Oekingen,49.656511020941615
Rebstein,49.648426417266194
Morbio Inferiore,49.62854146576493
Schüpfen,49.61822241828403
Corseaux,49.61257188882113
Bözberg,49.59150494214143
Giswil,49.582293646957886
Ardon,49.57030974650078
Hägendorf,49.56811193564003
Gams,49.56646765305269
Mammern,49.5599481414209
Bex,49.55454173440038
Evolène,49.55440293630123
Erstfeld,49.551050871278726
Oberegg,49.55087450852876
Morcote,49.547473220045944
Meierskappel,49.53864945503226
Oberdorf (SO),49.536725386042555
Lully (VD),49.53599346604803
Kirchdorf (BE),49.53085049983707
Amden,49.528942277049104
Grüsch,49.521439997782004
Disentis/Mustér,49.520305083844754
Milvignes,49.51857205592941
Roggwil (BE),49.51701548072103
Rickenbach (TG),49.50151522631102
Fraubrunnen,49.493847556600265
Plaffeien,49.48520149041874
Sorens,49.482503843555406
Bauma,49.462441993723054
Neuchâtel,49.45719824283832
Wädenswil,49.44754472822963
Uetikon am See,49.446842850543725
Kirchleerau,49.44433125020061
Courtelary,49.43984106670703
Rorschacherberg,49.43892066407476
Thierachern,49.4360982782703
Brugg,49.43581350713548
Horn,49.428715932778346
Breitenbach,49.4257670991566
Leimbach (AG),49.42572225180625
Arbedo-Castione,49.42483459734357
Forel (Lavaux),49.422368582163045
Wattwil,49.42015568123209
Vuisternens-devant-Romont,49.41782788995999
Hunzenschwil,49.40855244867333
Torricella-Taverne,49.408390702597025
Biglen,49.40526415318566
Bonaduz,49.39781842103473
Rue,49.39525618228742
Wikon,49.389056539479895
Villars-sur-Glâne,49.38151836869369
Bossonnens,49.37867694865807
Amriswil,49.36795541441033
Steffisburg,49.35792935741361
Greifensee,49.35333924670627
Hauterive (FR),49.34133120157754
Kirchberg (SG),49.341162017511195
Rifferswil,49.33857732721043
Flurlingen,49.33835754735439
Worb,49.332685202944894
Eschenz,49.3205992991824
Jongny,49.31607709029392
Kleinbösingen,49.3150440553931
Aarberg,49.30469284953017
Bourg-en-Lavaux,49.29536082013501
Nunningen,49.29215000701086
Corbières,49.28497112141024
Boningen,49.281129337919225
Soral,49.27599722729333
Wohlen (AG),49.27406540678967
Biel-Benken,49.273264297771526
Hombrechtikon,49.270796119240764
Hildisrieden,49.26782284651188
La Verrerie,49.252244969931624
Emmetten,49.25190715415915
Mörschwil,49.249647748128304
Orsières,49.23781186401571
Egolzwil,49.236966228916145
Bassersdorf,49.23465101264384
Aarburg,49.22750625462874
Glarus Süd,49.22626052112356
Schleinikon,49.217183576152884
Gempen,49.21332176591262
Chavornay,49.207984921365416
Schüpfheim,49.206143995893264
Erlinsbach (SO),49.20476625910135
Genthod,49.20262511654826
Schongau,49.19233865484956
Münsterlingen,49.184981197508286
Grosswangen,49.18213970449367
Sulgen,49.18186844414151
Rüegsau,49.17291746664411
Root,49.168135802170745
Wallbach,49.16767878971279
Le Flon,49.16174108028487
Kreuzlingen,49.152141207139394
Merenschwand,49.15202626398114
Dörflingen,49.14733914945987
Zofingen,49.13075773879626
Worben,49.12229114577103
Dinhard,49.12219590809205
Bütschwil-Ganterschwil,49.11351781627281
Zuoz,49.11290249534382
Risch,49.111206290306576
Misery-Courtion,49.10999290370937
Pailly,49.07130864419303
Muolen,49.07046152756131
Pfeffingen,49.06796489929468
Rothrist,49.0584597481832
Bettens,49.05823011957635
Diemtigen,49.056371966567646
Unterentfelden,49.035765541645674
Bubikon,49.019008921916374
Veltheim (AG),49.018215130676886
Cureglia,49.01651177683941
Buchs (SG),49.01431705212988
Schwyz,49.00432807366661
Solothurn,48.999226153351636
Zihlschlacht-Sitterdorf,48.99496921910872
Stetten (SH),48.993687334022205
Cortaillod,48.981982044405314
Geroldswil,48.97937786938836
Fisibach,48.97721941298536
Villaz,48.976537933908816
Neyruz (FR),48.964836221994474
Erlen,48.95430040301535
Yvonand,48.95181796373967
Altnau,48.95163924240859
Reiden,48.95013724858575
Sisseln,48.94695379229988
Birr,48.94593278244814
Wohlen bei Bern,48.94086473441091
Gretzenbach,48.91875428561087
Trogen,48.917225386530276
Jonen,48.9041996017858
Holderbank (AG),48.88794893668522
Kestenholz,48.88665860955035
Frutigen,48.87532259724361
St. Ursen,48.86616197617459
Giffers,48.85798651652742
Büttikon,48.85723400777869
Oberrüti,48.856663410416516
Obergösgen,48.84114825491705
Aadorf,48.812560358550854
Mettauertal,48.8087011454238
Jegenstorf,48.80627793802923
Weggis,48.804976772510535
Moudon,48.80421105707295
Schönenwerd,48.79754957966678
Uebeschi,48.79335416199349
Riviera,48.753235821162356
Schlatt (TG),48.74092918181301
Moosseedorf,48.72184507735393
Jorat-Mézières,48.718673545353894
Neuendorf,48.718548867595054
Rheinfelden,48.717474630732
Wauwil,48.69717515644901
Romont (FR),48.686079276427314
Vex,48.6807046971769
Neerach,48.680454550857924
Orpund,48.656941305789864
Remigen,48.652311105056775
Rossemaison,48.62969437565845
Etziken,48.62457779068575
Rheineck,48.622576781158116
Wangen an der Aare,48.60422891570779
Othmarsingen,48.59136343662156
Montanaire,48.588745048753616
Geuensee,48.57235250761808
Wettswil am Albis,48.55028057354967
Maracon,48.536607060253786
Toffen,48.53552783205223
Diepoldsau,48.52913418083627
Botterens,48.526967454880236
Horgen,48.50155324312849
Frenkendorf,48.49576231656689
Boudry,48.492487802816655
Dorénaz,48.461700190888244
Erschwil,48.44873421520503
Vétroz,48.44004452410187
Vuadens,48.43215011164371
Chénens,48.41956234857847
Gränichen,48.40440465665534
Le Noirmont,48.404384827870715
Arisdorf,48.395795326485356
Frauenfeld,48.3822891618425
Erlinsbach (AG),48.36062045387984
Hindelbank,48.353228036607874
Delémont,48.35066566523232
Küsnacht (ZH),48.34404707901002
Landquart,48.33047235955712
Dintikon,48.3278028220968
Pont-en-Ogoz,48.324313140665794
Egg,48.322499344766534
Sevelen,48.31482937193379
Lommis,48.31440379296206
Curio,48.277750850558675
Thunstetten,48.273846187991545
Untervaz,48.26545525620061
Rüthi (SG),48.26359975089546
Freienwil,48.252869588694494
Cadenazzo,48.22291640303516
Lommiswil,48.221158906897756
Granges-Paccot,48.21904513757162
Kilchberg (ZH),48.211990847838365
Eschenbach (LU),48.20633865396265
Founex,48.175972247566975
Riaz,48.17076666348095
Saint-Sulpice (VD),48.17071965866774
Port-Valais,48.16720373698396
Rapperswil-Jona,48.16673863506093
Dürrenäsch,48.155477821892575
Staufen,48.151647688297345
Rhäzüns,48.143486220512145
Willisau,48.13885054833919
Münchwilen (TG),48.13546976854978
Sirnach,48.1351201093225
Saint-Prex,48.1305450654311
Avenches,48.10092993771099
Bremgarten (AG),48.068888780517135
Flawil,48.0525842138904
Sierre,48.0299369565678
Boswil,48.02610038074347
Hohenrain,48.01784530029076
Arch,48.015638856603445
Lausanne,48.008944185386746
Mezzovico-Vira,47.98511069627069
Sissach,47.97442507146276
Vitznau,47.941539619716906
Savièse,47.88787581513384
Hausen (AG),47.882178417021045
Gletterens,47.87632724714905
Füllinsdorf,47.837957154863126
Schübelbach,47.826687868571526
Gilly,47.82297827759015
Schöftland,47.821063452958654
Dällikon,47.80508549916213
Montagny (FR),47.74939192456296
Monteceneri,47.73424329338256
Konolfingen,47.727066620150694
Lucens,47.683417554572074
Zuchwil,47.68209261693804
Allschwil,47.67584038021757
Biasca,47.663745799942454
Grindelwald,47.65475605449254
Bösingen,47.64063625370467
Gerlafingen,47.62008286681471
Küssnacht (SZ),47.617751021342556
Schmitten (FR),47.616747736479184
Böztal,47.61305294465186
Bellach,47.588899817699634
Tramelan,47.56947934417938
Matten bei Interlaken,47.565309834175785
Auw,47.56063207979853
Lyss,47.55554550045248
Buchs (ZH),47.54363206766352
Oberuzwil,47.53297729739845
Sarmenstorf,47.53237710182871
Stüsslingen,47.46860422192073
Grolley,47.467490873461934
Buchs (AG),47.43951642908839
Fahrwangen,47.39585858044637
Vully-les-Lacs,47.37642495370122
Roggwil (TG),47.37276926285368
Locarno,47.3423857952314
Villars-le-Terroir,47.33875870201419
Gimel,47.331268176053165
Chancy,47.26965927543332
Waldkirch,47.26311842975594
Meggen,47.25476751835358
Lufingen,47.21176175871752
Möhlin,47.205392770640294
Corcelles-près-Payerne,47.19094700635046
Schlieren,47.17175521186658
Brig-Glis,47.155117161590404
Le Mont-sur-Lausanne,47.10441303668565
Delley-Portalban,47.047318991533224
Kriens,47.03126582680642
Wigoltingen,47.03014857010243
Courrendlin,46.95102055304738
Baar,46.942131601168235
Lutry,46.920021488150596
Commugny,46.90742698821282
Wilen (TG),46.89540212182907
Wängi,46.86408192221899
Neuenegg,46.838824227934715
Wiesendangen,46.82185800117858
Schwarzenburg,46.78230505725629
Matzingen,46.7716511469071
Belp,46.76869231815997
Oberwil-Lieli,46.75439844221876
Stammheim,46.75390737590127
Widnau,46.753055757438105
Unterseen,46.73528315121672
Froideville,46.728930721883415
Laupen,46.68659415505293
Valbroye,46.66869819981069
Ettingen,46.61575198647333
Rüti (ZH),46.61314472600026
Collombey-Muraz,46.60389121915879
Gipf-Oberfrick,46.58862869355511
Rorbas,46.58797837643779
Aarwangen,46.575278256014414
Vaz/Obervaz,46.53320534379861
Ursy,46.49353767144626
Beringen,46.48980736355745
Conthey,46.447426311940205
Steinen,46.42503377359105
Saint-Maurice,46.417215726943525
Hendschiken,46.39350116813261
Birmensdorf (ZH),46.391382823817466
Langnau am Albis,46.388406756058586
Grossaffoltern,46.388401258720066
Le Vaud,46.27259601926636
Hochdorf,46.21247853371391
Schwende-Rüte,46.20378597532286
Pfaffnau,46.1825624841058
Niederlenz,46.18066591049264
Turbenthal,46.120214135668306
Lausen,46.089056259636024
Naters,46.07150417085213
Corsier (GE),46.020913519560345
Villeneuve (VD),45.99778816122212
Montreux,45.96130122093227
Domat/Ems,45.9549850454074
Grenchen,45.9266272841302
Ermatingen,45.91443680255263
Kirchberg (BE),45.86448115576082
Thayngen,45.86068625658521
Port,45.85368680718687
Frick,45.79729069474153
Hitzkirch,45.753017465203826
Gachnang,45.642339244764806
Schaffhausen,45.56389540439801
Biberist,45.39053108259469
Bad Ragaz,45.34335829392388
Hüttikon,45.34070314443881
Pratteln,45.333437718560354
Cudrefin,45.2894949947423
Emmen,45.19890583866163
Grüningen,45.167907470827906
Muri (AG),45.06037554878609
Cham,44.97998084145703
Beromünster,44.901232780743015
Lachen,44.900648205209066
Attalens,44.84357002567812
Yens,44.82540888061596
Luzern,44.79055755258165
Gambarogno,44.65816932560485
Fribourg,44.29584273492475
Kaltbrunn,44.25560149329903
Wangen bei Olten,44.18069727163733
Rümlang,44.07956208371451
Corminboeuf,44.02521478869796
Oberkirch,44.01227924143374
Oron,43.815005561719275
Thun,43.73911053400802
Zug,43.70689068572507
La Tène,43.387018186244156
Neuenkirch,43.38413082352273
Noble-Contrée,43.25818873910999
Mendrisio,43.25525125774523
Pfäffikon,43.12574948218239
Chur,43.065392507411914
Wallisellen,43.03247784574443
Ostermundigen,42.902951187067124
Meilen,42.65431674562544
Lugano,42.409775476680515
Val-de-Ruz,42.3023706202666
Opfikon,42.25681808551455
Dietikon,42.237765066546494
Pfungen,42.19250839669541
Köniz,42.093612662480375
Olten,41.98372588710412
Maur,41.8385735522032
Tafers,41.80359777957798
Arzier-Le Muids,41.71675277526718
Bulle,41.70749272549202
Sarnen,41.6570498181994
Mont-Vully,40.74533335110123
Bülach,40.36386998291565
Val de Bagnes,38.48671371555138
Bellinzona,35.04568498871868
Bussigny,34.72558791840469
Veyrier,34.33801182101917
Winterthur,34.303386809708755
